dx,dy,mode
0.0,0.0,0
0.0,0.0,0
0.0,0.0,0
0.0,0.0,0
0.0,0.0,0
0.0,0.0,0
0.0,0.0,0
0.0,0.0,0
-25.4,-235.5,0
352.2,-221.5,0
0.0,0.0,0
0.0,0.0,0
0.0,0.0,0
0.0,0.0,0
0.1,-62.0,0
-30.5,-43.3,0
-43.6,-5.2,0
0.0,0.0,0
0.0,0.0,0
0.0,0.0,0
-32.3,24.9,0
427.8,-13.7,0
0.0,0.0,0
-141.2,81.3,0
0.0,0.0,0
0.0,0.0,0
0.0,0.0,0
309.0,15.6,0
-18.9,65.3,0
-208.3,119.3,0
-291.4,118.4,0
42.0,119.3,0
-137.5,193.0,0
-41.9,197.7,0
50.3,219.8,0
24.0,184.2,0
73.8,183.1,0
-22.0,186.8,0
72.4,224.7,0
72.7,185.0,0
75.0,186.0,0
120.5,182.8,0
73.4,184.0,0
75.1,182.9,0
75.0,189.3,0
119.1,184.8,0
119.0,194.8,0
121.2,203.1,0
122.4,197.9,0
121.6,188.9,0
121.5,187.8,0
121.0,194.4,0
122.3,224.3,0
-21.9,218.2,0
-22.5,215.2,0
169.9,199.8,0
46.8,220.5,0
-17.4,187.5,0
50.5,226.2,0
168.5,228.4,0
72.2,228.8,0
24.8,229.2,0
71.5,231.9,0
25.1,235.2,0
24.1,229.0,0
25.8,225.2,0
-262.6,272.6,0
28.1,229.5,0
28.2,228.7,0
26.5,221.3,0
-214.8,222.2,0
72.2,179.5,0
73.0,178.4,0
74.0,199.2,0
75.0,225.2,0
76.9,234.7,0
77.4,228.2,0
120.3,228.8,0
122.0,223.6,0
124.5,233.4,0
123.6,236.5,0
126.5,232.7,0
-44.9,270.0,0
-40.9,272.0,0
-21.8,231.9,0
-66.8,226.5,0
-62.4,229.2,0
48.3,245.8,0
47.9,231.3,0
45.9,245.3,0
-21.4,202.5,0
54.5,230.7,0
55.5,247.6,0
54.2,247.8,0
61.1,225.2,0
57.5,251.8,0
26.7,215.8,0
30.4,204.6,0
30.1,218.2,0
73.2,194.7,0
72.1,189.6,0
74.8,187.5,0
141.0,229.0,0
76.5,197.2,0
78.0,220.0,0
120.9,193.2,0
119.4,192.5,0
121.6,194.2,0
121.3,221.7,0
121.6,187.9,0
167.9,180.7,0
167.6,185.8,0
-143.9,272.3,0
-139.3,272.4,0
-30.9,199.5,0
-43.9,206.8,0
169.9,191.3,0
170.8,190.3,0
216.4,189.3,0
45.1,231.3,0
47.5,228.2,0
43.6,251.4,0
48.0,233.2,0
50.2,272.7,0
51.7,273.3,0
-16.9,233.5,0
-22.8,224.5,0
24.0,220.0,0
25.1,227.5,0
24.9,229.5,0
25.1,227.7,0
26.4,228.2,0
26.7,229.4,0
72.2,229.1,0
73.4,231.9,0
71.9,232.3,0
72.1,230.7,0
73.4,234.9,0
119.9,233.5,0
120.8,228.8,0
122.2,232.5,0
122.7,229.3,0
-121.4,229.7,0
-120.8,228.0,0
-120.6,225.0,0
-115.0,228.3,0
-72.2,227.4,0
169.2,230.1,0
170.0,234.9,0
170.7,228.9,0
169.6,226.5,0
-43.1,270.0,0
-43.2,270.0,0
47.8,245.1,0
47.5,234.3,0
-15.0,213.2,0
-18.7,225.4,0
-18.6,221.3,0
-12.7,198.1,0
-13.7,192.8,0
22.8,197.7,0
28.5,199.2,0
29.7,221.6,0
25.8,227.9,0
28.9,229.0,0
28.5,231.5,0
31.6,235.3,0
72.5,243.3,0
74.0,231.2,0
72.8,227.3,0
74.5,238.7,0
75.0,230.8,0
-43.9,239.3,0
-38.5,237.3,0
-37.5,232.5,0
-35.1,236.9,0
-27.8,229.4,0
-14.1,221.9,0
-64.0,222.2,0
47.8,242.5,0
52.7,276.9,0
54.7,278.0,0
56.3,273.4,0
-18.9,227.7,0
-18.1,227.2,0
-19.7,236.6,0
-17.7,238.7,0
216.8,237.0,0
25.0,243.3,0
28.6,212.1,0
28.4,234.5,0
28.6,245.7,0
30.4,225.8,0
216.9,225.1,0
25.6,220.0,0
313.0,193.3,0
74.3,187.2,0
73.5,184.3,0
73.2,183.1,0
73.1,180.3,0
73.0,181.9,0
-42.8,196.8,0
-46.2,215.3,0
-38.3,226.9,0
-111.8,223.9,0
120.5,200.5,0
122.1,186.4,0
-65.4,170.3,0
-63.9,170.8,0
-64.5,183.7,0
-63.5,187.2,0
-307.2,195.9,0
-23.1,220.8,0
328.6,221.4,0
-22.7,189.7,0
-23.7,196.7,0
23.4,194.5,0
409.5,185.0,0
26.1,180.9,0
25.2,187.6,0
25.4,187.6,0
25.4,185.2,0
24.9,185.2,0
72.4,184.6,0
72.0,182.1,0
72.1,184.0,0
27.1,180.9,0
26.6,185.2,0
26.4,185.5,0
27.1,189.4,0
120.2,226.1,0
74.4,227.7,0
75.3,220.7,0
74.8,233.4,0
-114.6,228.4,0
-114.5,220.8,0
-111.6,227.0,0
-113.8,222.2,0
-114.4,222.8,0
-70.1,224.0,0
-67.7,218.4,0
170.0,235.2,0
-64.7,218.0,0
-62.5,215.8,0
-63.9,218.5,0
51.9,277.2,0
52.3,232.8,0
53.4,239.6,0
54.8,234.6,0
53.5,242.3,0
52.8,253.2,0
-12.8,238.5,0
-268.8,267.7,0
217.8,234.7,0
27.7,240.2,0
29.4,238.0,0
27.8,237.1,0
28.1,228.1,0
27.6,227.5,0
26.7,228.2,0
72.5,224.6,0
72.2,236.0,0
235.0,243.2,0
237.2,243.1,0
238.3,216.4,0
75.0,225.9,0
73.5,220.6,0
-120.3,218.1,0
121.4,181.6,0
121.0,179.6,0
-119.1,173.0,0
121.7,180.3,0
-71.2,173.9,0
-72.6,173.5,0
-116.0,177.5,0
-71.1,183.1,0
-69.9,184.3,0
-69.1,220.4,0
-69.5,219.9,0
-67.9,225.2,0
-22.8,226.1,0
-22.5,220.9,0
-20.3,228.2,0
-20.9,222.7,0
-18.7,187.9,0
-17.7,193.0,0
45.6,232.5,0
52.3,226.5,0
60.3,224.5,0
63.6,226.5,0
27.2,218.3,0
26.4,179.2,0
31.6,187.2,0
31.5,217.7,0
139.0,216.4,0
74.0,186.9,0
145.2,218.9,0
77.6,219.1,0
80.1,221.4,0
120.5,221.2,0
80.9,221.7,0
119.6,222.8,0
-45.0,228.4,0
-41.3,220.5,0
-49.7,275.4,0
-43.6,270.9,0
-69.8,231.2,0
169.3,225.1,0
171.0,191.1,0
-58.4,176.5,0
0.0,0.0,0
0.0,0.0,0
0.0,0.0,0
0.0,0.0,0
0.0,0.0,0
0.0,0.0,0
0.0,0.0,0
0.0,0.0,0
0.0,0.0,0
0.0,0.0,0
0.0,0.0,0
0.0,0.0,0
0.0,0.0,0
0.0,0.0,0
0.0,0.0,0
0.0,0.0,0
0.0,0.0,0
0.0,0.0,0
0.0,0.0,0
0.0,0.0,0
0.0,0.0,0
0.0,0.0,0
0.0,0.0,0
0.0,0.0,0
0.0,0.0,0
0.0,0.0,0
0.0,0.0,0
0.0,0.0,0
0.0,0.0,0
0.0,0.0,0
0.0,0.0,0
0.0,0.0,0
0.0,0.0,0
0.0,0.0,0
0.0,0.0,0
0.0,0.0,0
0.0,0.0,0
0.0,0.0,0
0.0,0.0,0
0.0,0.0,0
0.0,0.0,0
0.0,0.0,0
0.0,0.0,0
0.0,0.0,0
0.0,0.0,0
0.0,0.0,0
0.0,0.0,0
0.0,0.0,0
0.0,0.0,0
0.0,0.0,0
0.0,0.0,0
0.0,0.0,0
0.0,0.0,0
0.0,0.0,0
0.0,0.0,0
0.0,0.0,0
0.0,0.0,0
0.0,0.0,0
0.0,0.0,0
0.0,0.0,0
0.0,0.0,0
0.0,0.0,0
0.0,0.0,0
0.0,0.0,0
0.0,0.0,0
0.0,0.0,0
0.0,0.0,0
0.0,0.0,0
0.0,0.0,0
0.0,0.0,0
0.0,0.0,0
0.0,0.0,0
0.0,0.0,0
0.0,0.0,0
0.0,0.0,0
0.0,0.0,0
0.0,0.0,0
0.0,0.0,0
0.0,0.0,0
0.0,0.0,0
0.0,0.0,0
0.0,0.0,0
0.0,0.0,0
0.0,0.0,0
0.0,0.0,0
0.0,0.0,0
0.0,0.0,0
0.0,0.0,0
0.0,0.0,0
0.0,0.0,0
0.0,0.0,0
0.0,0.0,0
0.0,0.0,0
0.0,0.0,0
0.0,0.0,0
0.0,0.0,0
0.0,0.0,0
0.0,0.0,0
0.0,0.0,0
0.0,0.0,0
0.0,0.0,0
0.0,0.0,0
0.0,0.0,0
0.0,0.0,0
0.0,0.0,0
0.0,0.0,0
0.0,0.0,0
0.0,0.0,0
0.0,0.0,0
0.0,0.0,0
0.0,0.0,0
0.0,0.0,0
0.0,0.0,0
0.0,0.0,0
0.0,0.0,0
0.0,0.0,0
0.0,0.0,0
0.0,0.0,0
0.0,0.0,0
0.0,0.0,0
0.0,0.0,0
0.0,0.0,0
0.0,0.0,0
0.0,0.0,0
0.0,0.0,0
0.0,0.0,0
0.0,0.0,0
0.0,0.0,0
0.0,0.0,0
0.0,0.0,0
0.0,0.0,0
0.0,0.0,0
0.0,0.0,0
0.0,0.0,0
0.0,0.0,0
0.0,0.0,0
0.0,0.0,0
0.0,0.0,0
0.0,0.0,0
0.0,0.0,0
0.0,0.0,0
0.0,0.0,0
0.0,0.0,0
0.0,0.0,0
0.0,0.0,0
0.0,0.0,0
0.0,0.0,0
0.0,0.0,0
0.0,0.0,0
0.0,0.0,0
0.0,0.0,0
0.0,0.0,0
0.0,0.0,0
0.0,0.0,0
0.0,0.0,0
0.0,0.0,0
0.0,0.0,0
0.0,0.0,0
0.0,0.0,0
0.0,0.0,0
0.0,0.0,0
0.0,0.0,0
0.0,0.0,0
0.0,0.0,0
0.0,0.0,0
0.0,0.0,0
0.0,0.0,0
0.0,0.0,0
0.0,0.0,0
0.0,0.0,0
0.0,0.0,0
0.0,0.0,0
0.0,0.0,0
0.0,0.0,0
0.0,0.0,0
0.0,0.0,0
0.0,0.0,0
0.0,0.0,0
0.0,0.0,0
0.0,0.0,0
0.0,0.0,0
0.0,0.0,0
0.0,0.0,0
0.0,0.0,0
0.0,0.0,0
0.0,0.0,0
0.0,0.0,0
0.0,0.0,0
0.0,0.0,0
0.0,0.0,0
0.0,0.0,0
0.0,0.0,0
0.0,0.0,0
0.0,0.0,0
0.0,0.0,0
0.0,0.0,0
0.0,0.0,0
0.0,0.0,0
0.0,0.0,0
0.0,0.0,0
0.0,0.0,0
0.0,0.0,0
0.0,0.0,0
0.0,0.0,0
0.0,0.0,0
0.0,0.0,0
0.0,0.0,0
0.0,0.0,0
0.0,0.0,0
0.0,0.0,0
0.0,0.0,0
0.0,0.0,0
0.0,0.0,0
0.0,0.0,0
0.0,0.0,0
0.0,0.0,0
0.0,0.0,0
0.0,0.0,0
0.0,0.0,0
0.0,0.0,0
0.0,0.0,0
0.0,0.0,0
0.0,0.0,0
0.0,0.0,0
0.0,0.0,0
0.0,0.0,0
0.0,0.0,0
0.0,0.0,0
0.0,0.0,0
0.0,0.0,0
0.0,0.0,0
0.0,0.0,0
0.0,0.0,0
0.0,0.0,0
0.0,0.0,0
0.0,0.0,0
0.0,0.0,0
0.0,0.0,0
0.0,0.0,0
0.0,0.0,0
0.0,0.0,0
0.0,0.0,0
0.0,0.0,0
0.0,0.0,0
0.0,0.0,0
0.0,0.0,0
0.0,0.0,0
0.0,0.0,0
0.0,0.0,0
0.0,0.0,0
0.0,0.0,0
0.0,0.0,0
0.0,0.0,0
0.0,0.0,0
0.0,0.0,0
0.0,0.0,0
0.0,0.0,0
0.0,0.0,0
0.0,0.0,0
0.0,0.0,0
0.0,0.0,0
0.0,0.0,0
0.0,0.0,0
0.0,0.0,0
0.0,0.0,0
0.0,0.0,0
0.0,0.0,0
0.0,0.0,0
0.0,0.0,0
0.0,0.0,0
0.0,0.0,0
0.0,0.0,0
0.0,0.0,0
0.0,0.0,0
0.0,0.0,0
0.0,0.0,0
0.0,0.0,0
0.0,0.0,0
0.0,0.0,0
0.0,0.0,0
0.0,0.0,0
0.0,0.0,0
0.0,0.0,0
0.0,0.0,0
0.0,0.0,0
0.0,0.0,0
0.0,0.0,0
0.0,0.0,0
0.0,0.0,0
0.0,0.0,0
0.0,0.0,0
0.0,0.0,0
0.0,0.0,0
0.0,0.0,0
0.0,0.0,0
0.0,0.0,0
0.0,0.0,0
0.0,0.0,0
0.0,0.0,0
0.0,0.0,0
0.0,0.0,0
0.0,0.0,0
0.0,0.0,0
0.0,0.0,0
0.0,0.0,0
0.0,0.0,0
0.0,0.0,0
0.0,0.0,0
0.0,0.0,0
0.0,0.0,0
0.0,0.0,0
0.0,0.0,0
0.0,0.0,0
0.0,0.0,0
0.0,0.0,0
0.0,0.0,0
0.0,0.0,0
0.0,0.0,0
0.0,0.0,0
0.0,0.0,0
0.0,0.0,0
0.0,0.0,0
0.0,0.0,0
0.0,0.0,0
0.0,0.0,0
0.0,0.0,0
0.0,0.0,0
0.0,0.0,0
0.0,0.0,0
0.0,0.0,0
-759.1,287.6,0
-759.0,287.6,0
-759.0,287.6,0
-759.1,287.6,0
-759.0,287.6,0
-759.0,287.6,0
-759.0,287.6,0
-759.0,287.6,0
0.6,272.9,0
-23.5,278.6,0
-21.5,279.2,0
-759.0,287.6,0
-759.0,287.6,0
-759.0,287.6,0
-759.0,287.6,0
-759.0,287.6,0
-759.0,287.6,0
-759.0,287.6,0
-759.0,287.6,0
-759.0,287.6,0
0.0,0.0,0
0.0,0.0,0
-405.7,90.6,0
-425.4,54.9,0
-443.8,-18.4,0
-408.8,-11.7,0
-364.5,-12.7,0
-352.0,-7.0,0
-389.6,2.0,0
-493.5,-22.3,0
-633.7,-8.9,0
-735.8,-25.9,0
0.0,0.0,0
-36.8,277.4,0
-55.7,245.9,0
-54.5,245.8,0
-54.5,245.7,0
-54.6,245.6,0
-54.5,245.5,0
-55.8,245.7,0
-41.5,237.3,0
-23.9,217.0,0
-37.4,220.3,0
-37.4,219.5,0
-37.3,219.6,0
-37.3,218.6,0
-37.4,217.7,0
-37.1,217.7,0
-37.2,217.1,0
-37.3,216.6,0
-37.4,217.0,0
-37.3,216.9,0
-37.2,216.0,0
-795.7,199.7,0
-800.1,201.6,0
-800.1,201.6,0
-800.0,201.6,0
-800.2,201.4,0
-800.3,201.3,0
-800.1,201.4,0
-800.2,201.4,0
-800.3,201.3,0
-800.3,201.4,0
-800.2,201.3,0
-800.3,201.3,0
-800.3,201.4,0
-800.9,201.1,0
-800.9,201.1,0
-800.3,201.3,0
-801.2,201.3,0
-801.3,201.1,0
-801.0,201.1,0
-800.8,201.2,0
-800.1,201.6,0
-800.2,201.6,0
-800.1,201.6,0
-800.1,201.5,0
-799.9,201.6,0
-799.7,202.0,0
-799.8,202.0,0
-799.9,202.2,0
-799.9,202.2,0
0.0,0.0,0
0.0,0.0,0
0.0,0.0,0
0.0,0.0,0
0.0,0.0,0
0.0,0.0,0
0.0,0.0,0
722.4,232.2,0
722.5,230.1,0
721.9,232.7,0
723.5,230.2,0
-221.5,266.7,0
-239.1,262.4,0
-223.7,269.4,0
-239.1,262.1,0
-222.5,266.7,0
-222.5,266.8,0
-222.5,266.8,0
-221.8,270.0,0
-238.5,263.4,0
-238.0,263.7,0
-240.4,265.3,0
-240.5,265.3,0
-236.5,262.6,0
-234.7,263.0,0
-232.9,263.9,0
-233.7,265.4,0
-231.0,265.0,0
714.1,240.7,0
715.6,238.4,0
714.5,239.5,0
714.9,238.5,0
714.9,239.5,0
714.4,239.7,0
714.7,239.1,0
712.9,241.9,0
714.4,241.1,0
714.4,241.2,0
714.4,241.2,0
714.3,241.3,0
714.4,241.2,0
714.4,241.2,0
714.4,241.2,0
714.4,241.2,0
714.4,241.3,0
714.4,241.2,0
714.4,241.2,0
714.4,241.3,0
714.4,241.2,0
714.4,241.2,0
714.3,241.3,0
714.4,241.2,0
714.4,241.2,0
714.4,241.2,0
714.4,241.3,0
714.4,241.2,0
714.4,241.2,0
714.4,241.3,0
714.4,241.2,0
714.4,241.2,0
714.3,241.3,0
714.4,241.2,0
714.4,241.2,0
714.3,241.3,0
714.3,241.3,0
714.3,241.3,0
714.3,241.3,0
714.5,237.5,0
714.3,241.3,0
714.3,241.3,0
714.3,241.3,0
714.3,241.3,0
714.4,241.2,0
714.4,241.2,0
714.3,241.3,0
714.4,241.2,0
-229.0,272.6,0
-228.9,272.8,0
-228.9,272.9,0
-228.8,272.9,0
-228.8,272.9,0
-228.9,272.9,0
-228.9,272.9,0
-229.0,272.8,0
-229.0,272.7,0
-229.0,272.7,0
-229.0,272.7,0
-229.0,272.7,0
-229.0,272.7,0
-228.9,272.8,0
-229.1,272.7,0
-229.0,272.7,0
0.0,0.0,0
0.0,0.0,0
0.0,0.0,0
0.0,0.0,0
0.0,0.0,0
0.0,0.0,1
0.0,0.0,1
0.0,0.0,1
0.0,0.0,1
0.0,0.0,1
0.0,0.0,1
0.0,0.0,1
0.0,0.0,1
0.0,0.0,1
-765.3,277.6,1
-770.1,282.0,1
-761.7,293.3,1
-767.8,285.1,1
0.0,0.0,1
0.0,0.0,1
0.0,0.0,1
0.0,0.0,1
0.0,0.0,1
-54.7,243.9,1
-55.0,242.5,1
-54.7,243.2,1
-54.8,242.1,1
-54.8,242.0,1
-54.8,242.1,1
-54.7,241.9,1
-54.5,242.2,1
-55.0,241.2,1
-54.7,242.1,1
-54.9,241.2,1
-54.9,241.3,1
-54.8,241.3,1
-54.8,241.3,1
-54.6,241.6,1
-55.1,240.9,1
-54.9,241.4,1
-54.8,241.6,1
-54.6,242.1,1
-55.0,241.4,1
-54.7,242.4,1
-54.8,242.0,1
-54.8,242.6,1
-54.7,243.5,1
-54.7,244.1,1
-54.5,244.8,1
-54.8,244.5,1
-39.4,275.0,1
-41.3,238.1,1
-41.3,238.1,1
-23.9,277.1,1
-23.9,277.2,1
-39.4,275.1,1
-39.3,275.1,1
-39.3,275.1,1
-39.4,275.1,1
-39.5,275.0,1
-39.4,275.0,1
-39.4,275.1,1
-39.3,275.1,1
-24.0,277.1,1
-23.9,277.1,1
-24.0,277.1,1
-24.0,277.1,1
-54.6,244.4,1
-54.8,243.3,1
-54.7,242.8,1
-54.7,242.8,1
-54.7,242.5,1
-54.6,242.4,1
-55.0,241.5,1
-54.8,242.4,1
-54.9,241.6,1
-54.8,241.6,1
-55.1,241.1,1
-54.7,242.1,1
-54.8,241.3,1
-54.9,241.2,1
-54.8,241.3,1
-54.8,241.3,1
-54.6,241.6,1
-55.0,240.9,1
-54.7,242.1,1
-54.8,241.6,1
-54.8,241.8,1
-54.8,242.2,1
-54.7,242.2,1
-54.6,243.0,1
-55.0,242.9,1
-54.6,244.5,1
-54.7,244.3,1
-54.6,244.7,1
-54.5,245.3,1
-54.5,245.8,1
-54.5,245.5,1
-54.7,245.1,1
-54.5,245.8,1
-54.5,245.7,1
-54.3,246.0,1
-54.4,245.8,1
-54.3,246.2,1
-54.5,245.5,1
-54.7,245.2,1
-54.4,246.0,1
-54.5,245.1,1
-54.6,245.2,1
-54.5,245.0,1
-54.6,244.8,1
-54.5,244.8,1
-54.9,243.7,1
-54.6,244.3,1
-54.6,243.4,1
-55.0,242.2,1
-54.7,242.8,1
-54.8,242.0,1
-54.8,241.7,0
-54.8,241.9,0
-54.8,241.9,0
-54.6,242.2,0
-54.8,241.6,0
-54.8,241.4,0
-54.6,241.6,0
-54.8,241.3,0
-54.8,241.3,0
-28.2,279.1,0
-54.7,241.6,0
-54.7,241.8,0
-54.6,242.3,0
-55.1,241.4,0
-54.7,242.5,0
-54.6,243.2,0
-55.0,243.3,0
-54.5,244.9,0
-54.6,244.4,0
-54.8,244.6,0
-54.4,246.1,0
-54.5,245.5,0
-54.5,245.5,0
-54.5,245.7,0
-54.5,245.8,0
-54.5,245.5,0
-54.5,245.7,0
-54.5,245.8,0
-54.3,246.0,0
-54.7,245.1,0
-54.4,246.0,0
-54.6,245.0,0
-54.6,245.0,0
-54.5,245.0,0
-54.6,244.7,0
-54.6,243.9,0
-54.7,243.8,0
-54.7,243.4,0
-54.8,242.5,0
-54.8,242.2,0
-54.7,242.0,0
-54.6,242.3,0
-55.0,241.4,0
-54.7,242.4,0
-54.6,241.9,0
-55.1,241.1,0
-54.7,242.0,0
-54.8,241.1,0
-54.8,241.0,0
-54.8,241.2,0
-54.8,241.3,0
-54.9,241.3,0
-54.8,241.8,0
-54.8,241.9,0
-54.6,242.2,0
-55.0,241.6,0
-54.7,243.0,0
-54.8,242.8,0
-54.9,243.4,0
-54.5,244.9,0
-54.6,244.3,0
-54.5,244.6,0
-54.4,245.0,0
-54.8,244.9,0
-54.5,245.0,0
-54.8,245.7,0
-55.0,244.9,0
-54.9,244.9,0
-54.9,245.3,0
-54.9,245.2,0
-54.8,245.4,0
-55.1,244.6,0
-54.8,245.5,0
-28.3,278.7,0
-28.3,278.7,0
-28.4,278.7,0
-28.3,278.8,0
-28.3,278.8,0
-28.3,278.8,0
-28.3,278.8,0
-28.2,278.9,0
-28.4,278.9,0
-28.3,279.0,0
-28.3,279.0,0
-28.4,279.0,0
-28.3,279.0,0
-28.3,279.0,0
-28.3,279.0,0
-28.2,279.0,0
-28.3,279.0,0
-28.2,279.0,0
-28.2,279.1,0
-28.3,279.0,0
-28.2,279.1,0
-28.4,279.0,0
-28.3,279.0,0
-28.3,279.0,0
-28.3,279.0,0
-28.2,279.0,0
-28.3,278.9,0
-28.3,278.8,0
-28.4,278.8,0
-28.3,278.7,0
-28.3,278.7,0
-28.3,278.7,0
-28.2,278.7,0
-28.3,278.7,0
-28.2,278.6,0
-28.2,278.7,0
-28.2,278.6,0
-28.2,278.6,0
-28.2,278.7,0
-28.2,278.6,0
-28.2,278.7,0
-28.3,278.7,0
-28.2,278.7,0
-28.3,278.7,0
-28.3,278.7,0
-28.3,278.7,0
-28.3,278.8,0
-28.3,278.8,0
-28.4,278.8,0
-28.3,278.9,0
-28.3,279.0,0
-28.4,279.0,0
-28.3,279.0,0
-28.3,279.0,0
-28.2,279.0,0
-28.3,279.0,0
-28.2,279.0,0
-28.2,279.0,0
-28.4,279.1,0
-28.2,279.1,0
-28.2,279.1,0
-28.3,279.1,0
-28.3,279.0,0
-28.3,279.0,0
-28.3,279.0,0
-28.3,279.0,0
-28.3,279.0,0
-28.2,279.0,0
-28.4,278.9,0
-28.3,278.9,0
-28.3,278.8,0
-28.3,278.7,0
-28.3,278.7,0
-28.3,278.7,0
-28.2,278.7,0
-28.2,278.7,0
-28.2,278.6,0
-28.2,278.7,0
-28.3,278.7,0
-28.2,278.7,0
-28.3,278.7,0
-28.3,278.7,0
-28.2,278.7,0
-28.3,278.7,0
-28.2,278.6,0
-28.2,278.7,0
-28.2,278.7,0
-28.3,278.7,0
-28.4,278.7,0
-28.3,278.7,0
-28.3,278.8,0
-28.3,278.8,0
-28.3,278.9,0
-28.3,278.9,0
-28.3,279.0,0
-28.2,279.0,0
-28.3,279.0,0
-28.3,279.0,0
-28.3,279.0,0
-28.3,279.0,0
-28.3,279.0,0
-28.2,279.0,0
-28.3,279.0,0
-28.2,279.1,0
-28.2,279.1,0
-28.3,279.0,0
-28.2,279.0,0
-28.2,279.0,0
-28.3,279.0,0
-28.3,279.0,0
-28.3,279.0,0
-28.3,278.9,0
-28.3,278.9,0
-28.3,278.8,0
-28.3,278.8,0
-28.4,278.7,0
-28.3,278.7,0
-28.3,278.7,0
-28.2,278.6,0
-28.2,278.7,0
-28.3,278.7,0
-28.2,278.6,0
-28.2,278.7,0
-28.2,278.6,0
-28.2,278.6,0
-28.2,278.7,0
-28.2,278.7,0
-28.2,278.7,0
-28.3,278.7,0
-28.3,278.7,0
-28.3,278.8,0
-28.4,278.7,0
-28.3,278.8,0
-28.3,278.8,0
-28.4,278.9,0
-28.3,278.9,0
-28.3,279.0,0
-28.3,279.0,0
-28.2,279.0,0
-28.3,279.0,0
-28.3,279.0,0
-28.2,279.0,0
-28.3,279.0,0
-28.3,279.0,0
-28.2,279.0,0
-28.3,279.1,0
-28.2,279.1,0
-28.2,279.0,0
-28.2,279.1,0
-28.3,279.1,0
-28.2,279.0,0
-28.2,279.0,0
-28.3,279.0,0
-28.3,279.0,0
-28.3,279.0,0
-28.3,278.9,0
-28.3,278.9,0
-28.3,278.8,0
-28.3,278.8,0
-28.4,278.8,0
-28.3,278.7,0
-28.2,278.7,0
-28.2,278.7,0
-28.3,278.7,0
-28.2,278.7,0
-28.3,278.7,0
-28.2,278.6,0
-28.2,278.7,0
-28.2,278.6,0
-28.2,278.7,0
-28.2,278.6,0
-28.2,278.7,0
-28.2,278.6,0
-28.2,278.7,0
-28.3,278.7,0
-28.3,278.7,0
-28.3,278.7,0
-28.3,278.7,0
-28.3,278.7,0
-28.3,278.8,0
-28.4,278.8,0
-28.3,278.8,0
-28.3,278.9,0
-28.2,278.9,0
-28.3,279.0,0
-28.4,279.0,0
-28.3,279.0,0
-28.3,279.0,0
-28.3,279.0,0
-28.4,279.0,0
-28.3,279.0,0
-28.3,279.0,0
-28.2,279.0,0
-28.2,279.1,0
-28.2,279.1,0
-28.2,279.1,0
-28.4,279.0,0
-28.3,279.0,0
-28.3,279.0,0
-28.2,279.0,0
-28.3,279.0,0
-28.3,279.0,0
-28.2,278.9,0
-28.3,278.9,0
-28.3,278.9,0
-28.3,278.8,0
-28.3,278.7,0
-28.3,278.7,0
-28.2,278.7,0
-28.2,278.6,0
-28.2,278.7,0
-28.3,278.7,0
-28.2,278.7,0
-28.3,278.7,0
-28.2,278.6,0
-28.2,278.7,0
-28.2,278.6,0
-28.2,278.7,0
-28.3,278.7,0
-28.2,278.7,0
-28.3,278.7,0
-28.3,278.7,0
-28.2,278.7,0
-28.2,278.7,0
-28.3,278.7,0
-28.3,278.7,0
-28.3,278.8,0
-28.3,278.8,0
-28.3,278.9,0
-28.4,278.9,0
-28.3,278.9,0
-28.3,279.0,0
-28.3,279.0,0
-28.3,279.0,0
-28.3,279.0,0
-28.3,279.0,0
-28.4,279.0,0
-28.3,279.0,0
-28.3,279.0,0
-28.2,279.1,0
-28.3,279.0,0
-28.3,279.1,0
-28.2,279.0,0
-28.2,279.0,0
-28.3,279.0,0
-28.2,279.0,0
-28.2,279.0,0
-28.3,279.0,0
-28.3,279.0,0
-28.4,278.9,0
-28.3,278.9,0
-28.3,278.8,0
-28.3,278.7,0
-28.3,278.8,0
-28.3,278.7,0
-28.2,278.7,0
-28.2,278.7,0
-28.2,278.7,0
-28.3,278.7,0
-28.2,278.7,0
-28.3,278.7,0
-28.2,278.6,0
-28.2,278.7,0
-28.2,278.6,0
-28.2,278.7,0
-28.3,278.7,0
-28.2,278.7,0
-28.3,278.7,0
-28.2,278.7,0
-28.3,278.7,0
-28.3,278.7,0
-28.3,278.8,0
-28.3,278.7,0
-28.3,278.8,0
-28.3,278.8,0
-28.3,278.9,0
-28.4,278.9,0
-28.3,279.0,0
-28.3,279.0,0
-28.2,279.0,0
-28.4,279.0,0
-28.3,279.0,0
-28.3,279.0,0
-28.3,279.0,0
-28.3,279.0,0
-28.3,279.0,0
-28.2,279.0,0
-28.3,279.0,0
-28.3,279.1,0
-28.2,279.1,0
-28.2,279.0,0
-28.3,279.0,0
-28.3,279.0,0
-28.2,279.0,0
-28.4,279.0,0
-28.3,279.0,0
-28.4,278.9,0
-28.3,278.8,0
-28.3,278.8,0
-28.2,278.8,0
-28.3,278.7,0
-28.3,278.7,0
-28.3,278.7,0
-28.2,278.7,0
-28.3,278.7,0
-28.2,278.7,0
-28.2,278.6,0
-28.2,278.6,0
-28.2,278.7,0
-28.2,278.6,0
-28.2,278.7,0
-28.3,278.7,0
-28.3,278.7,0
-28.2,278.6,0
-28.3,278.7,0
-28.3,278.7,0
-28.3,278.7,0
-28.4,278.8,0
-28.3,278.8,0
-28.3,278.8,0
-28.3,278.8,0
-28.3,278.9,0
-28.4,278.9,0
-28.3,279.0,0
-28.3,279.0,0
-28.3,279.0,0
-28.3,279.0,0
-28.2,279.0,0
-28.2,279.0,0
-28.4,279.0,0
-28.2,279.0,0
-28.3,279.0,0
-28.2,279.0,0
-28.2,279.1,0
-28.2,279.1,0
-28.2,279.1,0
-28.4,279.0,0
-28.3,279.0,0
-28.3,279.0,0
-28.3,279.0,0
-28.3,279.0,0
-28.3,278.9,0
-28.4,278.9,0
-28.3,278.8,0
-28.3,278.8,0
-28.2,278.7,0
-28.3,278.7,0
-28.3,278.7,0
-28.2,278.7,0
-28.3,278.7,0
-28.2,278.6,0
-28.3,278.7,0
-28.2,278.7,0
-28.3,278.7,0
-28.2,278.6,0
-28.2,278.7,0
-28.2,278.6,0
-28.2,278.7,0
-28.3,278.7,0
-28.3,278.7,0
-28.3,278.7,0
-28.2,278.7,0
-28.3,278.7,0
-28.3,278.7,0
-28.3,278.8,0
-28.2,278.8,0
-28.3,278.8,0
-28.3,278.9,0
-28.3,279.0,0
-28.4,278.9,0
-28.3,279.0,0
-28.2,279.0,0
-28.3,279.0,0
-28.2,279.0,0
-28.3,279.0,0
-28.2,279.0,0
-28.3,279.0,0
-28.2,279.0,0
-28.3,279.0,0
-55.0,241.2,0
-54.9,241.4,0
-28.3,279.0,0
16.1,268.5,0
-23.8,212.8,0
-33.2,228.8,0
-41.3,235.1,0
-24.0,277.1,0
-39.3,275.2,0
-25.3,276.0,0
-33.2,230.2,0
-23.8,215.7,0
-23.8,217.1,0
-31.0,219.6,0
-27.9,220.2,0
-54.6,246.3,0
-54.7,245.6,0
-54.7,245.6,0
-54.6,245.9,0
-54.6,245.8,0
-55.7,246.6,0
-28.3,278.7,0
-28.2,278.6,0
-28.2,278.7,0
-23.9,277.2,0
-41.2,238.4,0
-23.6,217.2,0
-48.9,238.1,0
-51.3,245.9,0
-48.5,246.2,0
-48.4,245.9,0
-55.1,243.2,0
-54.8,243.1,0
-54.8,243.0,0
-55.1,241.7,0
-54.8,242.6,0
-54.9,242.0,0
-54.9,241.8,0
-54.9,242.1,0
-54.9,242.0,0
-54.8,241.9,0
-55.2,241.1,0
-54.9,242.0,0
-55.0,241.3,0
-55.0,241.0,0
-55.0,241.4,0
-54.9,241.5,0
-54.8,241.9,0
-55.1,241.3,0
-54.7,242.6,0
-54.9,242.0,0
-54.9,242.2,0
-54.9,242.8,0
-54.8,243.6,0
-54.7,244.2,0
-54.8,244.1,0
-54.7,244.8,0
-54.6,245.1,0
-54.5,245.8,0
-54.9,245.2,0
-54.6,246.3,0
-54.7,245.6,0
-54.7,245.6,0
-54.6,246.3,0
-54.7,245.6,0
-54.7,245.6,0
-54.6,245.9,0
-54.6,245.8,0
-54.5,246.0,0
-54.6,245.5,0
-54.6,245.9,0
-54.8,245.0,0
-54.7,244.7,0
-54.7,244.7,0
-54.7,244.4,0
-54.7,244.1,0
-55.1,243.0,0
-54.8,243.6,0
-54.9,242.4,0
-54.8,242.6,0
-55.1,241.6,0
-54.8,242.6,0
-55.0,241.8,0
-55.0,241.8,0
-55.0,241.9,0
-54.9,241.8,0
-54.7,242.0,0
-55.2,241.1,0
-54.9,242.0,0
-55.0,241.3,0
-55.0,241.2,0
-55.0,241.6,0
-54.9,241.7,0
-54.7,242.1,0
-55.2,241.3,0
-54.8,242.7,0
-54.9,242.0,0
-54.9,242.3,0
-54.9,243.4,0
-54.8,243.9,0
-54.7,244.8,0
-54.8,244.5,0
-54.7,245.1,0
-54.7,245.3,0
-54.5,245.9,0
-54.8,245.3,0
-54.6,246.3,0
-54.7,245.6,0
-54.7,245.6,0
-54.6,245.9,0
-54.6,245.8,0
-54.5,246.0,0
-54.8,245.3,0
-54.6,245.8,0
-54.5,245.9,0
-54.9,245.0,0
-54.6,245.9,0
-54.7,244.9,0
-54.8,244.5,0
-54.8,244.5,0
-54.7,244.9,0
-54.9,243.8,0
-54.8,243.3,0
-54.9,243.0,0
-54.9,242.8,0
-54.8,242.6,0
-55.1,241.6,0
-54.8,242.7,0
-54.9,241.9,0
-54.9,241.7,0
-54.9,241.7,0
-54.9,241.8,0
-55.0,241.4,0
-55.2,240.9,0
-54.9,241.4,0
-55.0,241.5,0
-54.8,241.7,0
-55.2,240.9,0
-54.9,242.1,0
-54.9,241.6,0
-54.9,241.7,0
-55.0,242.1,0
-54.8,242.2,0
-54.7,242.8,0
-55.1,242.6,0
-54.7,244.4,0
-54.8,244.1,0
-54.8,244.7,0
-54.7,245.3,0
-54.7,245.5,0
-54.6,245.6,0
-54.8,245.3,0
-54.6,245.8,0
-54.5,246.0,0
-54.8,245.3,0
-54.6,246.3,0
-54.6,245.8,0
-54.5,246.0,0
-54.8,245.3,0
-54.6,246.3,0
-54.7,245.5,0
-54.6,245.2,0
-54.6,245.4,0
-54.6,245.2,0
-54.6,245.1,0
-55.0,243.9,0
-54.7,244.7,0
-54.9,243.5,0
-54.9,243.0,0
-54.9,242.9,0
-54.9,242.5,0
-54.7,242.5,0
-55.1,241.6,0
-54.9,242.7,0
-54.9,242.0,0
-54.9,241.7,0
-55.0,241.8,0
-54.8,242.2,0
-54.8,241.9,0
-55.0,241.3,0
-55.0,241.4,0
-55.0,241.5,0
-54.8,241.7,0
-55.2,241.1,0
-54.8,242.3,0
-54.7,242.3,0
-54.9,241.8,0
-54.9,242.3,0
-54.9,242.4,0
-54.9,242.9,0
-54.8,243.8,0
-54.8,244.5,0
-54.6,245.1,0
-54.9,244.8,0
-54.6,246.1,0
-54.7,245.5,0
-54.7,245.6,0
-54.6,245.9,0
-54.6,245.8,0
-54.5,246.0,0
-54.8,245.3,0
-54.6,245.9,0
-54.6,245.8,0
-54.7,245.6,0
-54.6,245.9,0
-54.6,245.8,0
-54.7,245.4,0
-54.7,245.3,0
-54.7,245.3,0
-54.8,244.5,0
-54.8,244.3,0
-54.8,244.2,0
-54.7,244.6,0
-54.7,243.6,0
-55.1,242.2,0
-54.9,243.1,0
-54.9,242.0,0
-54.7,242.5,0
-54.9,242.1,0
-54.9,242.1,0
-54.8,242.3,0
-55.2,241.2,0
-54.9,242.2,0
-55.0,241.4,0
-54.9,241.2,0
-54.9,241.4,0
-55.0,241.5,0
-55.0,241.3,0
-55.2,241.1,0
-54.8,242.4,0
-55.0,241.7,0
-55.0,241.9,0
-54.9,242.2,0
-54.9,242.5,0
-54.7,243.3,0
-55.1,243.2,0
-54.7,244.9,0
-54.8,244.6,0
-54.8,244.9,0
-54.6,245.5,0
-54.6,245.8,0
-54.5,246.0,0
-54.8,245.3,0
-54.6,246.3,0
-54.7,245.6,0
-54.7,245.6,0
-54.6,245.9,0
-54.6,245.8,0
-54.5,246.0,0
-54.9,245.2,0
-54.6,246.2,0
-54.7,245.3,0
-54.7,245.2,0
-54.7,245.2,0
-54.7,244.9,0
-54.6,244.8,0
-55.0,243.5,0
-54.7,244.4,0
-55.0,243.3,0
-54.9,242.7,0
-54.9,242.7,0
-54.8,242.3,0
-54.7,242.5,0
-55.0,241.9,0
-54.8,242.6,0
-54.9,242.0,0
-54.7,242.2,0
-55.2,241.1,0
-54.8,242.0,0
-55.0,241.4,0
-54.9,241.2,0
-54.9,241.4,0
-54.9,241.5,0
-54.8,241.7,0
-55.2,241.1,0
-54.8,242.5,0
-54.9,242.0,0
-54.9,241.9,0
-54.9,242.4,0
-54.8,243.0,0
-54.9,242.9,0
-54.8,243.5,0
-54.8,244.2,0
-54.7,244.7,0
-54.6,245.5,0
-54.9,244.9,0
-54.6,246.2,0
-54.7,245.6,0
-54.7,245.6,0
-54.6,245.9,0
-54.6,245.8,0
-54.5,246.0,0
-54.8,245.3,0
-54.6,246.3,0
-54.7,245.6,0
-54.7,245.6,0
-54.6,245.6,0
-54.6,245.5,0
-54.6,245.6,0
-54.9,244.7,0
-54.6,245.4,0
-54.9,244.3,0
-54.8,244.1,0
-54.8,243.9,0
-54.8,243.5,0
-54.8,243.2,0
-54.9,242.5,0
-54.9,242.6,0
-54.8,242.2,0
-54.7,242.4,0
-55.1,241.5,0
-54.8,242.6,0
-54.9,241.7,0
-54.9,241.5,0
-54.9,241.8,0
-54.9,241.6,0
-54.8,241.7,0
-55.2,240.9,0
-54.9,242.0,0
-55.0,241.4,0
-54.9,241.4,0
-54.9,241.9,0
-54.8,242.0,0
-54.7,242.4,0
-55.1,241.6,0
-54.8,243.0,0
-54.9,243.2,0
-54.9,243.9,0
-54.7,244.6,0
-54.6,244.9,0
-54.6,245.6,0
-54.9,245.0,0
-54.6,246.3,0
-54.7,245.6,0
-54.7,245.6,0
-54.6,245.9,0
-54.6,245.8,0
-54.7,245.6,0
-54.8,245.3,0
-54.6,246.3,0
-54.6,245.8,0
-54.7,245.6,0
-54.6,245.6,0
-54.7,245.5,0
-54.5,245.4,0
-55.0,244.5,0
-54.7,245.4,0
-54.9,244.2,0
-54.8,243.9,0
-54.8,243.7,0
-54.8,243.2,0
-54.7,243.0,0
-55.1,241.9,0
-54.8,242.7,0
-54.9,241.9,0
-54.9,241.8,0
-55.0,242.0,0
-54.8,242.5,0
-54.9,241.6,0
-54.9,241.4,0
-54.9,241.6,0
-55.0,241.5,0
-54.8,241.7,0
-55.2,240.9,0
-54.9,242.0,0
-55.0,241.4,0
-54.9,241.6,0
-55.0,242.0,0
-54.9,242.2,0
-54.7,242.4,0
-55.1,241.8,0
-54.8,243.5,0
-54.9,243.5,0
-54.8,244.1,0
-54.7,244.8,0
-54.6,245.1,0
-54.5,245.6,0
-54.9,245.2,0
-54.6,246.3,0
-54.7,245.6,0
-54.7,245.6,0
-54.6,245.9,0
-54.6,245.8,0
-54.5,246.0,0
-54.7,245.6,0
-54.6,245.9,0
-54.6,245.8,0
-54.4,246.0,0
-54.9,245.1,0
-54.6,245.9,0
-54.7,244.9,0
-54.8,244.8,0
-54.7,244.8,0
-54.8,244.6,0
-54.6,244.2,0
-55.1,243.0,0
-54.8,243.7,0
-54.9,242.6,0
-54.9,242.2,0
-54.9,242.3,0
-54.8,242.2,0
-54.7,242.4,0
-55.2,241.3,0
-54.8,242.5,0
-55.0,241.6,0
-55.0,241.5,0
-54.9,241.5,0
-54.9,241.5,0
-54.8,241.7,0
-55.2,240.9,0
-54.9,241.9,0
-55.0,241.4,0
-54.9,241.6,0
-55.0,242.0,0
-54.9,242.2,0
-54.7,242.5,0
-55.1,242.1,0
-54.9,243.8,0
-54.9,243.7,0
-54.9,244.2,0
-54.7,244.9,0
-54.6,245.3,0
-54.4,245.7,0
-54.9,245.2,0
-54.6,246.3,0
-54.7,245.6,0
-54.7,245.6,0
-54.6,245.9,0
-54.6,245.8,0
-54.5,246.0,0
-54.8,245.3,0
-54.6,246.3,0
-54.7,245.5,0
-54.6,245.5,0
-54.6,245.5,0
-54.6,245.3,0
-54.6,245.3,0
-55.0,244.2,0
-54.7,244.6,0
-54.7,244.4,0
-54.7,244.2,0
-55.1,242.9,0
-54.8,243.6,0
-54.9,242.4,0
-54.9,242.2,0
-54.9,242.3,0
-54.9,242.0,0
-54.8,242.3,0
-55.2,241.2,0
-54.9,242.4,0
-55.0,241.4,0
-55.0,241.5,0
-54.9,242.0,0
-54.9,241.5,0
-54.8,241.7,0
-55.2,240.9,0
-54.9,241.7,0
-54.8,241.9,0
-55.2,241.3,0
-54.9,242.7,0
-54.9,242.3,0
-54.7,242.6,0
-54.8,243.3,0
-54.8,243.9,0
-54.8,244.1,0
-54.8,244.5,0
-54.6,245.1,0
-54.7,245.3,0
-54.5,245.9,0
-54.8,245.3,0
-54.6,246.3,0
-54.7,245.6,0
-54.7,245.6,0
-54.6,245.9,0
-54.6,245.8,0
-54.5,246.0,0
-54.8,245.3,0
-54.6,246.3,0
-54.7,245.5,0
-54.6,245.4,0
-54.7,245.4,0
-54.6,245.2,0
-54.7,244.9,0
-54.8,244.5,0
-54.7,244.4,0
-54.8,244.3,0
-54.9,243.3,0
-54.9,243.0,0
-54.8,242.7,0
-54.7,242.6,0
-55.2,241.6,0
-54.9,242.3,0
-54.9,242.2,0
-54.8,242.3,0
-55.2,241.3,0
-54.8,242.3,0
-55.0,241.5,0
-55.0,241.4,0
-54.9,241.4,0
-55.0,241.5,0
-54.8,241.7,0
-55.2,240.9,0
-54.9,242.2,0
-54.9,241.6,0
-55.0,241.8,0
-55.0,242.1,0
-54.8,242.2,0
-54.7,242.8,0
-55.2,242.6,0
-54.7,244.4,0
-54.9,244.2,0
-54.8,244.6,0
-54.7,245.2,0
-54.6,245.5,0
-54.5,246.0,0
-54.8,245.3,0
-54.6,246.3,0
-54.7,245.6,0
-54.7,245.6,0
-54.6,245.9,0
-54.6,245.8,0
-54.5,246.0,0
-54.8,245.3,0
-54.6,246.3,0
-54.7,245.4,0
-54.6,245.2,0
-54.6,245.4,0
-54.6,245.2,0
-54.6,245.1,0
-55.0,243.9,0
-54.7,244.7,0
-54.9,243.5,0
-54.9,243.0,0
-54.9,242.9,0
-54.9,242.6,0
-54.7,242.5,0
-55.2,241.6,0
-54.9,242.1,0
-54.8,242.4,0
-55.2,241.2,0
-54.8,242.4,0
-55.0,241.5,0
-55.0,241.3,0
-55.0,241.4,0
-39.3,275.2,0
-28.2,279.0,0
-36.9,277.6,0
-36.8,277.6,0
-36.8,277.6,0
-37.0,277.6,0
-36.8,277.6,0
-54.9,242.4,0
-54.9,242.8,0
-54.8,243.8,0
-54.9,244.5,0
-54.8,244.9,0
-54.6,245.4,0
-54.6,245.6,0
-54.5,246.0,0
-54.8,245.3,0
-54.6,246.3,0
-54.7,245.6,0
-54.7,245.6,0
-54.6,246.3,0
-54.6,245.8,0
-54.5,246.0,0
-54.8,245.3,0
-54.6,245.8,0
-54.5,245.8,0
-54.9,244.9,0
-54.6,245.6,0
-54.8,244.5,0
-54.8,244.3,0
-54.8,244.2,0
-54.8,244.0,0
-36.9,277.5,0
-37.0,277.6,0
-36.8,277.6,0
-36.8,277.5,0
-54.9,242.0,0
-54.9,242.1,0
-54.9,242.0,0
-54.7,242.4,0
-55.1,241.3,0
-54.7,241.9,0
-54.6,241.9,0
-55.1,241.1,0
-54.7,242.1,0
-54.9,241.4,0
-54.9,241.5,0
-54.9,241.9,0
-54.9,242.2,0
-54.7,242.3,0
-54.8,242.2,0
-54.8,242.8,0
-54.7,243.5,0
-54.8,243.3,0
-54.6,245.0,0
-54.7,244.7,0
-54.5,245.4,0
-54.8,244.8,0
-54.5,246.2,0
-54.7,245.6,0
-54.6,245.7,0
-54.5,246.0,0
-54.6,245.9,0
-54.4,246.1,0
-54.8,245.4,0
-36.8,277.4,0
-28.2,278.6,0
-54.5,245.8,0
-54.5,245.8,0
-54.5,245.8,0
-54.4,245.8,0
-54.8,244.9,0
-54.6,245.6,0
-54.7,244.7,0
-54.8,244.2,0
-54.8,244.1,0
-54.7,243.8,0
-54.9,243.3,0
0.0,0.0,0
0.0,0.0,0
0.0,0.0,0
0.0,0.0,0
0.0,0.0,0
0.0,0.0,0
0.0,0.0,0
0.0,0.0,0
0.0,0.0,0
0.0,0.0,0
0.0,0.0,0
0.0,0.0,0
0.0,0.0,0
0.0,0.0,0
0.0,0.0,0
0.0,0.0,0
0.0,0.0,0
0.0,0.0,0
0.0,0.0,0
0.0,0.0,0
0.0,0.0,0
0.0,0.0,0
0.0,0.0,0
0.0,0.0,0
0.0,0.0,0
0.0,0.0,0
0.0,0.0,0
0.0,0.0,0
0.0,0.0,0
0.0,0.0,0
0.0,0.0,0
0.0,0.0,0
0.0,0.0,0
0.0,0.0,0
0.0,0.0,0
0.0,0.0,0
0.0,0.0,0
0.0,0.0,0
0.0,0.0,0
0.0,0.0,0
0.0,0.0,0
0.0,0.0,0
0.0,0.0,0
0.0,0.0,0
0.0,0.0,0
0.0,0.0,0
0.0,0.0,0
0.0,0.0,0
0.0,0.0,0
0.0,0.0,0
0.0,0.0,0
0.0,0.0,0
0.0,0.0,0
0.0,0.0,0
0.0,0.0,0
0.0,0.0,0
0.0,0.0,0
0.0,0.0,0
0.0,0.0,0
0.0,0.0,0
0.0,0.0,0
0.0,0.0,0
0.0,0.0,0
0.0,0.0,0
0.0,0.0,0
0.0,0.0,0
0.0,0.0,0
0.0,0.0,0
0.0,0.0,0
0.0,0.0,0
0.0,0.0,0
0.0,0.0,0
0.0,0.0,0
0.0,0.0,0
0.0,0.0,0
0.0,0.0,0
0.0,0.0,0
0.0,0.0,0
0.0,0.0,0
0.0,0.0,0
0.0,0.0,0
0.0,0.0,0
0.0,0.0,0
0.0,0.0,0
0.0,0.0,0
0.0,0.0,0
0.0,0.0,0
0.0,0.0,0
0.0,0.0,0
0.0,0.0,0
0.0,0.0,0
0.0,0.0,0
0.0,0.0,0
0.0,0.0,0
0.0,0.0,0
0.0,0.0,0
0.0,0.0,0
0.0,0.0,0
0.0,0.0,0
0.0,0.0,0
0.0,0.0,0
0.0,0.0,0
0.0,0.0,0
0.0,0.0,0
0.0,0.0,0
0.0,0.0,0
0.0,0.0,0
0.0,0.0,0
0.0,0.0,0
0.0,0.0,0
0.0,0.0,0
0.0,0.0,0
0.0,0.0,0
0.0,0.0,0
0.0,0.0,0
0.0,0.0,0
0.0,0.0,0
0.0,0.0,0
0.0,0.0,0
0.0,0.0,0
0.0,0.0,0
0.0,0.0,0
0.0,0.0,0
0.0,0.0,0
0.0,0.0,0
0.0,0.0,0
0.0,0.0,0
0.0,0.0,0
0.0,0.0,0
0.0,0.0,0
0.0,0.0,0
0.0,0.0,0
0.0,0.0,0
0.0,0.0,0
0.0,0.0,0
0.0,0.0,0
0.0,0.0,0
0.0,0.0,0
0.0,0.0,0
0.0,0.0,0
0.0,0.0,0
0.0,0.0,0
0.0,0.0,0
0.0,0.0,0
0.0,0.0,0
0.0,0.0,0
0.0,0.0,0
0.0,0.0,0
0.0,0.0,0
0.0,0.0,0
0.0,0.0,0
0.0,0.0,0
0.0,0.0,0
0.0,0.0,0
0.0,0.0,0
0.0,0.0,0
0.0,0.0,0
0.0,0.0,0
0.0,0.0,0
0.0,0.0,0
0.0,0.0,0
0.0,0.0,0
0.0,0.0,0
0.0,0.0,0
0.0,0.0,0
0.0,0.0,0
0.0,0.0,0
0.0,0.0,0
0.0,0.0,0
0.0,0.0,0
0.0,0.0,0
0.0,0.0,0
0.0,0.0,0
0.0,0.0,0
0.0,0.0,0
0.0,0.0,0
0.0,0.0,0
0.0,0.0,0
0.0,0.0,0
0.0,0.0,0
0.0,0.0,0
0.0,0.0,0
0.0,0.0,0
0.0,0.0,0
0.0,0.0,0
0.0,0.0,0
0.0,0.0,0
0.0,0.0,0
0.0,0.0,0
0.0,0.0,0
0.0,0.0,0
0.0,0.0,0
0.0,0.0,0
0.0,0.0,0
0.0,0.0,0
0.0,0.0,0
0.0,0.0,0
0.0,0.0,0
0.0,0.0,0
0.0,0.0,0
0.0,0.0,0
0.0,0.0,0
0.0,0.0,0
0.0,0.0,0
0.0,0.0,0
0.0,0.0,0
0.0,0.0,0
0.0,0.0,0
0.0,0.0,0
0.0,0.0,0
0.0,0.0,0
0.0,0.0,0
0.0,0.0,0
0.0,0.0,0
0.0,0.0,0
0.0,0.0,0
0.0,0.0,0
0.0,0.0,0
0.0,0.0,0
0.0,0.0,0
0.0,0.0,0
0.0,0.0,0
0.0,0.0,0
0.0,0.0,0
0.0,0.0,0
0.0,0.0,0
0.0,0.0,0
0.0,0.0,0
0.0,0.0,0
0.0,0.0,0
0.0,0.0,0
0.0,0.0,0
0.0,0.0,0
0.0,0.0,0
0.0,0.0,0
0.0,0.0,0
0.0,0.0,0
0.0,0.0,0
0.0,0.0,0
0.0,0.0,0
0.0,0.0,0
0.0,0.0,0
0.0,0.0,0
0.0,0.0,0
0.0,0.0,0
0.0,0.0,0
0.0,0.0,0
0.0,0.0,0
0.0,0.0,0
0.0,0.0,0
0.0,0.0,0
0.0,0.0,0
0.0,0.0,0
0.0,0.0,0
0.0,0.0,0
0.0,0.0,0
0.0,0.0,0
0.0,0.0,0
0.0,0.0,0
0.0,0.0,0
0.0,0.0,0
0.0,0.0,0
0.0,0.0,0
0.0,0.0,0
0.0,0.0,0
0.0,0.0,0
0.0,0.0,0
0.0,0.0,0
0.0,0.0,0
0.0,0.0,0
0.0,0.0,0
0.0,0.0,0
0.0,0.0,0
0.0,0.0,0
0.0,0.0,0
0.0,0.0,0
0.0,0.0,0
-49.6,209.5,0
-47.5,278.0,0
-47.5,278.0,0
-47.4,278.0,0
-47.5,277.8,0
-47.6,277.9,0
-47.4,277.9,0
-47.5,277.9,0
-47.6,277.9,0
-47.6,277.9,0
-47.4,278.0,0
-47.5,277.9,0
-47.8,277.5,0
-47.7,277.5,0
-47.8,277.5,0
-47.8,277.5,0
-47.9,277.5,0
-47.7,277.5,0
-47.7,277.3,0
-47.8,277.4,0
-47.0,277.9,0
-47.0,277.9,0
-47.2,277.7,0
-47.1,277.8,0
-47.0,277.9,0
-47.6,277.7,0
-47.6,277.8,0
-47.5,277.8,0
-47.5,277.8,0
-47.6,277.8,0
-38.0,281.4,0
29.9,279.3,0
-44.8,279.5,0
-44.6,279.3,0
-44.6,279.4,0
-44.9,279.2,0
-45.2,279.1,0
-45.2,279.0,0
-45.0,279.2,0
-45.2,279.0,0
-45.2,279.2,0
-45.0,279.2,0
-45.1,279.2,0
-45.2,279.1,0
-45.2,279.1,0
-45.0,279.1,0
-45.1,279.0,0
-45.2,279.1,0
-45.1,279.1,0
-45.2,279.0,0
-45.2,278.9,0
-44.9,279.2,0
-44.8,279.4,0
-44.9,279.2,0
-44.9,279.4,0
-45.0,279.3,0
-47.1,278.9,0
-47.6,278.5,0
-47.9,278.1,0
-48.8,278.4,0
-47.0,279.0,0
-44.7,279.5,0
-44.5,278.2,0
-47.2,278.9,0
-47.2,278.8,0
-47.2,278.8,0
-47.1,278.9,0
-47.2,278.7,0
-47.3,278.7,0
-47.3,278.7,0
-47.3,278.7,0
-47.3,278.7,0
-47.3,278.7,0
-47.3,278.7,0
-47.3,278.7,0
-47.3,278.7,0
-47.3,278.7,0
-47.3,278.7,0
-47.3,278.7,0
-47.3,278.7,0
-47.3,278.7,0
-47.3,278.7,0
-47.3,278.7,0
-47.3,278.7,0
-47.3,278.7,0
-47.3,278.7,0
-47.3,278.7,0
-47.3,278.7,0
-47.3,278.7,0
-47.3,278.7,0
-47.3,278.7,0
-47.3,278.7,0
-47.3,278.7,0
-47.3,278.7,0
-47.3,278.7,0
-47.3,278.7,0
-47.3,278.7,0
-47.3,278.7,0
-47.3,278.7,0
-47.3,278.7,0
-47.3,278.7,0
-47.3,278.7,0
-47.3,278.7,0
-47.3,278.7,0
-47.3,278.7,0
-47.3,278.7,0
0.0,0.0,0
0.0,0.0,0
0.0,0.0,0
0.0,0.0,0
0.0,0.0,0
0.0,0.0,0
0.0,0.0,0
0.0,0.0,0
0.0,0.0,0
0.0,0.0,0
0.0,0.0,0
0.0,0.0,0
0.0,0.0,0
0.0,0.0,0
0.0,0.0,0
0.0,0.0,0
0.0,0.0,0
0.0,0.0,0
0.0,0.0,0
0.0,0.0,0
0.0,0.0,0
0.0,0.0,0
0.0,0.0,0
0.0,0.0,0
0.0,0.0,0
0.0,0.0,0
0.0,0.0,0
0.0,0.0,0
0.0,0.0,0
0.0,0.0,0
0.0,0.0,0
0.0,0.0,0
0.0,0.0,0
0.0,0.0,0
0.0,0.0,0
0.0,0.0,0
0.0,0.0,0
0.0,0.0,0
0.0,0.0,0
0.0,0.0,0
0.0,0.0,0
0.0,0.0,0
0.0,0.0,0
0.0,0.0,0
0.0,0.0,0
0.0,0.0,0
0.0,0.0,0
0.0,0.0,0
0.0,0.0,0
0.0,0.0,0
0.0,0.0,0
0.0,0.0,0
0.0,0.0,0
0.0,0.0,0
0.0,0.0,0
0.0,0.0,0
0.0,0.0,0
0.0,0.0,0
0.0,0.0,0
0.0,0.0,0
0.0,0.0,0
0.0,0.0,0
0.0,0.0,0
0.0,0.0,0
0.0,0.0,0
0.0,0.0,0
0.0,0.0,0
0.0,0.0,0
0.0,0.0,0
0.0,0.0,0
0.0,0.0,0
0.0,0.0,0
0.0,0.0,0
0.0,0.0,0
0.0,0.0,0
0.0,0.0,0
0.0,0.0,0
0.0,0.0,0
0.0,0.0,0
0.0,0.0,0
0.0,0.0,0
0.0,0.0,0
0.0,0.0,0
0.0,0.0,0
0.0,0.0,0
0.0,0.0,0
0.0,0.0,0
0.0,0.0,0
0.0,0.0,0
0.0,0.0,0
0.0,0.0,0
0.0,0.0,0
0.0,0.0,0
0.0,0.0,0
0.0,0.0,0
0.0,0.0,0
0.0,0.0,0
0.0,0.0,0
0.0,0.0,0
0.0,0.0,0
0.0,0.0,0
0.0,0.0,0
0.0,0.0,0
0.0,0.0,0
0.0,0.0,0
0.0,0.0,0
0.0,0.0,0
0.0,0.0,0
0.0,0.0,0
0.0,0.0,0
0.0,0.0,0
0.0,0.0,0
0.0,0.0,0
0.0,0.0,0
0.0,0.0,0
0.0,0.0,0
0.0,0.0,0
0.0,0.0,0
0.0,0.0,0
0.0,0.0,0
0.0,0.0,0
0.0,0.0,0
0.0,0.0,0
0.0,0.0,0
0.0,0.0,0
0.0,0.0,0
0.0,0.0,0
0.0,0.0,0
0.0,0.0,0
0.0,0.0,0
0.0,0.0,0
0.0,0.0,0
0.0,0.0,0
0.0,0.0,0
0.0,0.0,0
0.0,0.0,0
0.0,0.0,0
0.0,0.0,0
0.0,0.0,0
0.0,0.0,0
0.0,0.0,0
0.0,0.0,0
0.0,0.0,0
0.0,0.0,0
0.0,0.0,0
0.0,0.0,0
0.0,0.0,0
0.0,0.0,0
0.0,0.0,0
0.0,0.0,0
0.0,0.0,0
0.0,0.0,0
0.0,0.0,0
0.0,0.0,0
0.0,0.0,0
0.0,0.0,0
-7.7,-7.8,0
-25.5,0.8,0
-43.8,11.4,0
-57.2,1.1,0
-76.5,6.9,0
-84.8,3.5,0
-95.0,3.3,0
-115.5,9.3,0
-134.5,12.3,0
-162.0,-0.8,0
-180.9,-5.4,0
-154.9,-12.5,0
-81.4,-24.6,0
20.5,-43.2,0
62.4,-45.1,0
53.2,-42.7,0
16.2,-38.9,0
10.6,-52.3,0
24.4,-28.7,0
74.2,-37.1,0
127.8,-30.0,0
160.5,-56.7,0
156.4,-26.1,0
169.5,-38.8,0
217.0,-41.0,0
262.0,-46.1,0
241.7,-39.3,0
183.7,-22.9,0
118.9,-31.3,0
65.2,-36.2,0
46.2,-32.1,0
84.0,-44.9,0
165.5,-35.6,0
247.3,-32.7,0
341.7,-42.8,0
374.0,-41.3,0
373.7,-40.0,0
355.1,-56.1,0
352.6,-51.3,0
393.4,-58.7,0
451.8,-57.5,0
561.1,-47.3,0
630.3,-52.5,0
626.4,-78.8,0
566.7,-46.6,0
567.2,-51.5,0
642.2,-63.9,0
713.0,-52.7,0
705.7,-36.3,0
659.1,-1.0,0
613.7,-20.4,0
524.0,-25.0,0
410.1,-29.5,0
327.8,-15.7,0
275.6,-1.7,0
266.1,-11.3,0
261.7,-4.5,0
265.2,6.2,0
245.0,-21.7,0
214.0,-9.5,0
181.9,-14.7,0
0.0,0.0,0
0.0,0.0,0
0.0,0.0,0
0.0,0.0,0
0.0,0.0,0
0.0,0.0,0
0.0,0.0,0
0.0,0.0,0
0.0,0.0,0
0.0,0.0,0
0.0,0.0,0
0.0,0.0,0
0.0,0.0,0
0.0,0.0,0
0.0,0.0,0
0.0,0.0,0
0.0,0.0,0
0.0,0.0,0
0.0,0.0,0
0.0,0.0,0
0.0,0.0,0
0.0,0.0,0
0.0,0.0,0
0.0,0.0,0
0.0,0.0,0
0.0,0.0,0
0.0,0.0,0
0.0,0.0,0
0.0,0.0,0
0.0,0.0,0
0.0,0.0,0
0.0,0.0,0
77.7,198.6,0
77.8,198.4,0
79.1,199.6,0
66.5,207.5,0
66.2,208.1,0
62.7,211.4,0
73.5,211.1,0
-195.2,179.8,0
0.0,0.0,0
0.0,0.0,0
0.0,0.0,0
0.0,0.0,0
0.0,0.0,0
0.0,0.0,0
0.0,0.0,0
0.0,0.0,0
0.0,0.0,0
0.0,0.0,0
0.0,0.0,0
0.0,0.0,0
0.0,0.0,0
0.0,0.0,0
0.0,0.0,0
0.0,0.0,0
0.0,0.0,0
0.0,0.0,0
0.0,0.0,0
0.0,0.0,0
0.0,0.0,0
0.0,0.0,0
0.0,0.0,0
0.0,0.0,0
0.0,0.0,0
0.0,0.0,0
0.0,0.0,0
0.0,0.0,0
0.0,0.0,0
0.0,0.0,0
0.0,0.0,0
0.0,0.0,0
0.0,0.0,0
0.0,0.0,0
0.0,0.0,0
0.0,0.0,0
0.0,0.0,0
0.0,0.0,0
0.0,0.0,0
0.0,0.0,0
0.0,0.0,0
0.0,0.0,0
0.0,0.0,0
0.0,0.0,0
0.0,0.0,0
0.0,0.0,0
0.0,0.0,0
0.0,0.0,0
0.0,0.0,0
0.0,0.0,0
0.0,0.0,0
0.0,0.0,0
0.0,0.0,0
0.0,0.0,0
0.0,0.0,0
0.0,0.0,0
0.0,0.0,0
0.0,0.0,0
0.0,0.0,0
0.0,0.0,0
0.0,0.0,0
0.0,0.0,0
0.0,0.0,0
0.0,0.0,0
0.0,0.0,0
0.0,0.0,0
0.0,0.0,0
0.0,0.0,0
0.0,0.0,0
0.0,0.0,0
0.0,0.0,0
0.0,0.0,0
0.0,0.0,0
0.0,0.0,0
0.0,0.0,0
0.0,0.0,0
0.0,0.0,0
0.0,0.0,0
0.0,0.0,0
0.0,0.0,0
0.0,0.0,0
0.0,0.0,0
0.0,0.0,0
0.0,0.0,0
0.0,0.0,0
0.0,0.0,0
0.0,0.0,0
0.0,0.0,0
0.0,0.0,0
0.0,0.0,0
0.0,0.0,0
0.0,0.0,0
0.0,0.0,0
0.0,0.0,0
0.0,0.0,0
0.0,0.0,0
0.0,0.0,0
0.0,0.0,0
0.0,0.0,0
0.0,0.0,0
0.0,0.0,0
0.0,0.0,0
0.0,0.0,0
0.0,0.0,0
0.0,0.0,0
0.0,0.0,0
0.0,0.0,0
0.0,0.0,0
0.0,0.0,0
0.0,0.0,0
0.0,0.0,0
0.0,0.0,0
0.0,0.0,0
0.0,0.0,0
0.0,0.0,0
0.0,0.0,0
0.0,0.0,0
0.0,0.0,0
0.0,0.0,0
0.0,0.0,0
0.0,0.0,0
0.0,0.0,0
155.6,15.3,0
142.4,1.2,0
129.1,-2.3,0
118.8,-3.3,0
100.8,-7.0,0
90.3,-5.3,0
90.5,-0.6,0
85.0,2.5,0
83.6,0.6,0
76.9,-3.7,0
67.6,-4.6,0
53.4,6.5,0
29.4,2.4,0
5.8,-12.8,0
-12.9,-2.0,0
-26.1,-4.0,0
-42.5,-11.1,1
-59.4,-1.8,1
-78.7,-19.5,1
-102.9,-8.5,1
-119.5,-10.5,1
-134.1,-15.6,1
-140.7,-22.4,1
-146.1,-31.9,1
-148.7,-15.2,1
-150.5,-27.1,1
-146.2,-25.2,1
-148.3,-25.7,1
-137.7,-15.8,1
-137.5,-25.6,1
-127.0,-23.3,1
-115.9,-6.3,1
-121.3,-4.5,1
-115.8,-2.2,1
-119.9,-1.0,1
-120.8,-16.5,1
-126.5,-18.7,1
-135.2,-22.1,1
-151.8,-8.8,1
-160.9,-15.7,1
-175.1,-17.4,1
-188.8,-12.0,1
-199.0,-4.6,1
-203.0,-7.9,1
-204.5,5.2,1
-206.7,1.8,1
-204.6,-5.9,1
-204.3,-4.5,1
-201.0,-20.5,1
-200.7,-3.4,1
-182.5,-18.6,1
-175.4,-21.9,1
-157.4,-22.2,1
-151.6,-12.6,1
-133.4,-5.6,1
-126.9,-5.8,1
-123.1,-3.9,1
-123.3,-3.9,1
-126.6,-8.2,1
-127.1,-5.1,1
-135.3,-7.8,1
-136.9,-17.2,1
-138.6,-11.6,1
-135.5,-19.4,1
-133.9,-20.3,1
-132.3,-20.9,1
-125.9,-17.0,0
-36.9,57.5,0
-8.8,85.3,0
4.8,76.9,0
18.2,72.3,0
35.1,65.3,0
60.2,74.4,0
79.5,87.6,0
93.7,90.5,0
116.5,86.5,0
135.5,85.3,0
164.2,93.2,0
179.0,92.7,0
205.9,89.6,0
223.5,85.0,0
251.0,75.5,0
266.1,87.6,0
279.1,81.0,0
295.3,58.9,0
307.8,69.4,0
315.4,69.8,0
319.1,74.0,0
324.0,48.9,0
323.8,53.3,0
315.9,59.6,0
316.5,60.2,0
309.9,72.6,0
295.4,74.4,0
282.7,67.7,0
278.1,74.1,0
268.7,72.3,0
262.2,72.7,0
248.4,66.4,0
248.4,64.8,0
250.3,67.3,0
238.6,62.1,0
246.3,66.7,0
248.6,64.6,0
245.1,71.9,0
252.7,82.2,0
262.2,67.6,0
261.6,78.2,0
265.3,87.2,0
256.6,87.4,0
259.6,79.8,0
256.7,63.2,0
250.8,70.3,0
235.5,74.6,0
222.4,79.2,0
214.5,66.0,0
206.2,73.7,0
206.0,72.2,0
208.1,58.4,0
201.2,66.9,0
206.5,59.2,0
201.7,65.1,0
208.3,55.5,0
214.2,72.3,0
234.7,65.6,0
253.3,67.4,0
267.4,80.1,0
279.7,93.0,0
299.7,85.8,0
318.0,56.2,0
344.7,51.8,0
376.2,87.4,0
398.4,65.8,0
424.1,61.1,0
446.1,59.3,0
456.0,54.8,0
463.1,44.8,0
470.2,65.6,0
468.5,49.7,0
468.3,63.8,0
470.6,54.1,0
468.6,64.5,0
464.4,60.8,0
448.0,76.3,0
434.7,79.8,0
410.8,70.4,0
394.4,73.8,0
378.3,102.7,0
384.8,84.3,0
371.6,94.5,0
369.8,100.7,0
368.7,93.6,0
367.2,96.7,0
366.5,98.3,0
368.5,95.9,0
374.4,101.7,0
377.9,84.5,0
389.9,68.3,0
398.6,58.9,0
396.4,66.4,0
401.3,48.6,0
397.1,55.1,0
391.5,63.9,0
374.7,74.2,0
364.2,66.7,0
356.2,70.4,0
347.3,64.2,0
327.6,61.2,0
305.3,50.6,0
275.6,68.8,0
260.7,47.7,0
250.7,71.3,0
224.4,62.3,0
217.6,67.3,0
205.9,73.6,0
198.9,70.8,0
187.7,78.8,0
197.2,75.9,0
199.9,84.2,0
200.9,93.0,0
206.7,94.5,0
213.6,89.2,0
217.7,82.9,0
234.6,66.4,0
255.6,66.6,0
271.8,51.9,0
297.6,58.2,0
320.3,54.4,0
353.8,75.3,0
375.4,70.7,0
412.4,63.1,0
447.7,73.2,0
473.9,75.7,0
521.8,65.4,0
551.4,87.4,0
0.0,0.0,0
612.4,39.9,0
623.4,59.7,0
640.7,60.3,0
640.0,71.1,0
666.0,69.1,0
689.4,75.1,0
691.2,68.4,0
692.8,60.9,0
697.4,61.0,0
688.1,59.1,0
661.9,41.7,0
666.2,49.7,0
638.5,46.1,0
636.3,45.2,0
628.9,56.4,0
619.5,50.7,0
615.9,48.4,0
614.0,57.2,0
616.4,40.1,0
622.6,40.0,0
621.4,56.4,0
646.0,52.8,0
0.0,0.0,0
691.2,69.6,0
713.6,61.3,0
745.4,61.3,0
764.9,46.9,0
791.4,49.3,0
808.8,49.5,0
0.0,0.0,0
0.0,0.0,0
0.0,0.0,0
0.0,0.0,0
0.0,0.0,0
0.0,0.0,0
0.0,0.0,0
0.0,0.0,0
0.0,0.0,0
0.0,0.0,0
836.1,38.1,0
0.0,0.0,0
788.3,60.9,0
0.0,0.0,0
773.3,87.3,0
747.6,67.1,0
754.3,56.0,0
738.2,49.0,0
735.4,51.1,0
746.2,68.8,0
747.5,84.3,0
773.0,94.5,0
766.4,53.7,0
775.2,43.9,0
0.0,0.0,0
798.3,58.2,0
0.0,0.0,0
0.0,0.0,0
0.0,0.0,0
0.0,0.0,0
0.0,0.0,0
0.0,0.0,0
0.0,0.0,0
0.0,0.0,0
0.0,0.0,0
0.0,0.0,0
0.0,0.0,0
0.0,0.0,0
0.0,0.0,0
0.0,0.0,0
0.0,0.0,0
0.0,0.0,0
0.0,0.0,0
0.0,0.0,0
0.0,0.0,0
0.0,0.0,0
0.0,0.0,0
0.0,0.0,0
0.0,0.0,0
0.0,0.0,0
0.0,0.0,0
0.0,0.0,0
0.0,0.0,0
0.0,0.0,0
0.0,0.0,0
0.0,0.0,0
0.0,0.0,0
0.0,0.0,0
0.0,0.0,0
0.0,0.0,0
0.0,0.0,0
0.0,0.0,0
0.0,0.0,0
0.0,0.0,0
0.0,0.0,0
0.0,0.0,0
0.0,0.0,0
0.0,0.0,0
0.0,0.0,0
0.0,0.0,0
0.0,0.0,0
0.0,0.0,0
0.0,0.0,0
0.0,0.0,0
0.0,0.0,0
0.0,0.0,0
0.0,0.0,0
0.0,0.0,0
0.0,0.0,0
0.0,0.0,0
0.0,0.0,0
0.0,0.0,0
0.0,0.0,0
0.0,0.0,0
0.0,0.0,0
0.0,0.0,0
0.0,0.0,0
0.0,0.0,0
0.0,0.0,0
0.0,0.0,0
0.0,0.0,0
0.0,0.0,0
0.0,0.0,0
0.0,0.0,0
0.0,0.0,0
0.0,0.0,0
0.0,0.0,0
0.0,0.0,0
0.0,0.0,0
0.0,0.0,0
0.0,0.0,0
0.0,0.0,0
0.0,0.0,0
0.0,0.0,0
0.0,0.0,0
0.0,0.0,0
0.0,0.0,0
0.0,0.0,0
0.0,0.0,0
0.0,0.0,0
0.0,0.0,0
0.0,0.0,0
0.0,0.0,0
0.0,0.0,0
0.0,0.0,0
0.0,0.0,0
0.0,0.0,0
0.0,0.0,0
0.0,0.0,0
0.0,0.0,0
0.0,0.0,0
0.0,0.0,0
0.0,0.0,0
0.0,0.0,0
0.0,0.0,0
0.0,0.0,0
0.0,0.0,0
0.0,0.0,0
0.0,0.0,0
0.0,0.0,0
0.0,0.0,0
0.0,0.0,0
0.0,0.0,0
0.0,0.0,0
0.0,0.0,0
0.0,0.0,0
0.0,0.0,0
0.0,0.0,0
0.0,0.0,0
0.0,0.0,0
0.0,0.0,0
0.0,0.0,0
0.0,0.0,0
0.0,0.0,0
0.0,0.0,0
0.0,0.0,0
0.0,0.0,0
0.0,0.0,0
0.0,0.0,0
0.0,0.0,0
0.0,0.0,0
0.0,0.0,0
0.0,0.0,0
0.0,0.0,0
0.0,0.0,0
0.0,0.0,0
0.0,0.0,0
0.0,0.0,0
0.0,0.0,0
0.0,0.0,0
0.0,0.0,0
0.0,0.0,0
0.0,0.0,0
0.0,0.0,0
0.0,0.0,0
0.0,0.0,0
0.0,0.0,0
0.0,0.0,0
0.0,0.0,0
0.0,0.0,0
0.0,0.0,0
0.0,0.0,0
0.0,0.0,0
0.0,0.0,0
0.0,0.0,0
0.0,0.0,0
0.0,0.0,0
0.0,0.0,0
0.0,0.0,0
0.0,0.0,0
0.0,0.0,0
0.0,0.0,0
0.0,0.0,0
0.0,0.0,0
0.0,0.0,0
0.0,0.0,0
0.0,0.0,0
0.0,0.0,0
0.0,0.0,0
0.0,0.0,0
0.0,0.0,0
0.0,0.0,0
0.0,0.0,0
0.0,0.0,0
0.0,0.0,0
0.0,0.0,0
0.0,0.0,0
0.0,0.0,0
0.0,0.0,0
0.0,0.0,0
0.0,0.0,0
0.0,0.0,0
0.0,0.0,0
0.0,0.0,0
0.0,0.0,0
0.0,0.0,0
0.0,0.0,0
0.0,0.0,0
0.0,0.0,0
0.0,0.0,0
0.0,0.0,0
0.0,0.0,0
0.0,0.0,0
0.0,0.0,0
0.0,0.0,0
0.0,0.0,0
0.0,0.0,0
0.0,0.0,0
0.0,0.0,0
0.0,0.0,0
0.0,0.0,0
0.0,0.0,0
0.0,0.0,0
0.0,0.0,0
0.0,0.0,0
0.0,0.0,0
0.0,0.0,0
0.0,0.0,0
0.0,0.0,0
0.0,0.0,0
0.0,0.0,0
0.0,0.0,0
0.0,0.0,0
0.0,0.0,0
0.0,0.0,0
0.0,0.0,0
0.0,0.0,0
0.0,0.0,0
0.0,0.0,0
0.0,0.0,0
0.0,0.0,0
0.0,0.0,0
0.0,0.0,0
0.0,0.0,0
0.0,0.0,0
0.0,0.0,0
0.0,0.0,0
0.0,0.0,0
0.0,0.0,0
0.0,0.0,0
0.0,0.0,0
0.0,0.0,0
0.0,0.0,0
0.0,0.0,0
0.0,0.0,0
0.0,0.0,0
0.0,0.0,0
0.0,0.0,0
0.0,0.0,0
0.0,0.0,0
0.0,0.0,0
0.0,0.0,0
0.0,0.0,0
0.0,0.0,0
0.0,0.0,0
0.0,0.0,0
0.0,0.0,0
0.0,0.0,0
0.0,0.0,0
0.0,0.0,0
0.0,0.0,0
0.0,0.0,0
0.0,0.0,0
0.0,0.0,0
0.0,0.0,0
0.0,0.0,0
0.0,0.0,0
0.0,0.0,0
0.0,0.0,0
0.0,0.0,0
0.0,0.0,0
0.0,0.0,0
0.0,0.0,0
0.0,0.0,0
0.0,0.0,0
0.0,0.0,0
0.0,0.0,0
0.0,0.0,0
0.0,0.0,0
0.0,0.0,0
0.0,0.0,0
0.0,0.0,0
0.0,0.0,0
0.0,0.0,0
0.0,0.0,0
0.0,0.0,0
0.0,0.0,0
0.0,0.0,0
0.0,0.0,0
0.0,0.0,0
0.0,0.0,0
0.0,0.0,0
0.0,0.0,0
0.0,0.0,0
0.0,0.0,0
0.0,0.0,0
0.0,0.0,0
0.0,0.0,0
0.0,0.0,0
0.0,0.0,0
0.0,0.0,0
0.0,0.0,0
0.0,0.0,0
0.0,0.0,0
0.0,0.0,0
0.0,0.0,0
0.0,0.0,0
0.0,0.0,0
0.0,0.0,0
0.0,0.0,0
0.0,0.0,0
0.0,0.0,0
0.0,0.0,0
0.0,0.0,0
0.0,0.0,0
0.0,0.0,0
827.7,70.6,0
0.0,0.0,0
0.0,0.0,0
850.8,34.0,0
852.0,27.6,0
0.0,0.0,0
0.0,0.0,0
0.0,0.0,0
0.0,0.0,0
0.0,0.0,0
0.0,0.0,0
0.0,0.0,0
0.0,0.0,0
0.0,0.0,0
0.0,0.0,0
0.0,0.0,0
0.0,0.0,0
0.0,0.0,0
0.0,0.0,0
0.0,0.0,0
0.0,0.0,0
0.0,0.0,0
0.0,0.0,0
0.0,0.0,0
0.0,0.0,0
0.0,0.0,0
0.0,0.0,0
0.0,0.0,0
0.0,0.0,0
0.0,0.0,0
0.0,0.0,0
0.0,0.0,0
0.0,0.0,0
0.0,0.0,0
0.0,0.0,0
0.0,0.0,0
0.0,0.0,0
0.0,0.0,0
0.0,0.0,0
0.0,0.0,0
0.0,0.0,0
0.0,0.0,0
0.0,0.0,0
0.0,0.0,0
0.0,0.0,0
0.0,0.0,0
0.0,0.0,0
0.0,0.0,0
0.0,0.0,0
0.0,0.0,0
0.0,0.0,0
0.0,0.0,0
0.0,0.0,0
0.0,0.0,0
0.0,0.0,0
0.0,0.0,0
0.0,0.0,0
0.0,0.0,0
0.0,0.0,0
0.0,0.0,0
0.0,0.0,0
0.0,0.0,0
0.0,0.0,0
0.0,0.0,0
0.0,0.0,0
0.0,0.0,0
0.0,0.0,0
0.0,0.0,0
0.0,0.0,0
0.0,0.0,0
0.0,0.0,0
0.0,0.0,0
0.0,0.0,0
0.0,0.0,0
0.0,0.0,0
0.0,0.0,0
0.0,0.0,0
0.0,0.0,0
0.0,0.0,0
0.0,0.0,0
0.0,0.0,0
0.0,0.0,0
0.0,0.0,0
0.0,0.0,0
0.0,0.0,0
0.0,0.0,0
0.0,0.0,0
0.0,0.0,0
0.0,0.0,0
0.0,0.0,0
0.0,0.0,0
0.0,0.0,0
0.0,0.0,0
0.0,0.0,0
0.0,0.0,0
0.0,0.0,0
0.0,0.0,0
0.0,0.0,0
0.0,0.0,0
0.0,0.0,0
0.0,0.0,0
0.0,0.0,0
0.0,0.0,0
0.0,0.0,0
0.0,0.0,0
0.0,0.0,0
0.0,0.0,0
0.0,0.0,0
0.0,0.0,0
0.0,0.0,0
0.0,0.0,0
0.0,0.0,0
0.0,0.0,0
0.0,0.0,0
0.0,0.0,0
0.0,0.0,0
0.0,0.0,0
0.0,0.0,0
0.0,0.0,0
0.0,0.0,0
0.0,0.0,0
0.0,0.0,0
0.0,0.0,0
0.0,0.0,0
0.0,0.0,0
0.0,0.0,0
0.0,0.0,0
0.0,0.0,0
0.0,0.0,0
0.0,0.0,0
0.0,0.0,0
0.0,0.0,0
0.0,0.0,0
0.0,0.0,0
0.0,0.0,0
0.0,0.0,0
0.0,0.0,0
0.0,0.0,0
0.0,0.0,0
0.0,0.0,0
0.0,0.0,0
0.0,0.0,0
0.0,0.0,0
0.0,0.0,0
0.0,0.0,0
0.0,0.0,0
0.0,0.0,0
0.0,0.0,0
0.0,0.0,0
0.0,0.0,0
0.0,0.0,0
0.0,0.0,0
0.0,0.0,0
0.0,0.0,0
0.0,0.0,0
0.0,0.0,0
0.0,0.0,0
0.0,0.0,0
0.0,0.0,0
0.0,0.0,0
0.0,0.0,0
0.0,0.0,0
0.0,0.0,0
791.4,94.1,0
778.5,52.4,0
773.7,50.3,0
771.5,43.9,0
763.1,45.2,0
772.2,35.2,0
775.5,40.9,0
775.4,11.1,0
773.1,26.6,0
777.4,26.1,0
775.3,24.7,0
771.3,26.0,0
763.8,18.5,0
760.0,30.9,0
742.0,42.3,0
720.2,46.8,0
684.9,56.9,0
674.8,51.9,0
659.7,52.0,0
651.6,50.2,0
645.9,48.5,0
650.4,54.2,0
650.2,62.4,0
649.4,68.2,0
663.2,60.7,0
682.8,57.4,0
705.2,47.7,0
726.8,38.1,0
745.3,55.8,0
0.0,0.0,0
0.0,0.0,0
781.3,37.2,0
796.0,52.6,0
793.0,46.4,0
0.0,0.0,0
0.0,0.0,0
0.0,0.0,0
0.0,0.0,0
0.0,0.0,0
0.0,0.0,0
748.4,60.8,0
746.8,60.2,0
714.1,44.7,0
712.0,45.4,0
700.3,58.4,0
697.8,61.6,0
691.9,51.3,0
700.4,59.1,0
700.7,45.9,0
722.3,49.8,0
728.8,47.0,0
0.0,0.0,0
0.0,0.0,0
0.0,0.0,0
0.0,0.0,0
0.0,0.0,0
0.0,0.0,0
0.0,0.0,0
0.0,0.0,0
0.0,0.0,0
0.0,0.0,0
0.0,0.0,0
0.0,0.0,0
0.0,0.0,0
0.0,0.0,0
0.0,0.0,0
0.0,0.0,0
0.0,0.0,0
0.0,0.0,0
615.1,46.2,0
599.4,50.9,0
567.4,54.8,0
545.8,59.7,0
539.5,69.5,0
528.7,63.5,0
522.1,65.9,0
517.2,62.4,0
523.4,63.4,0
525.6,64.8,0
531.8,59.7,0
540.1,64.2,0
546.2,63.4,0
562.1,57.7,0
601.7,72.1,0
607.1,57.9,0
613.2,67.5,0
627.4,61.8,0
624.9,66.0,0
625.7,58.4,0
621.9,71.4,0
617.2,52.2,0
613.6,57.2,0
596.8,68.9,0
584.3,67.5,0
554.5,52.4,0
531.6,53.1,0
504.1,76.3,0
467.8,61.1,0
431.7,69.4,0
376.9,87.5,0
345.2,83.6,0
307.4,78.8,0
276.6,97.8,0
257.2,80.3,0
235.3,87.1,0
205.4,73.6,0
185.3,88.5,1
177.5,107.4,1
173.2,94.6,1
169.0,112.6,1
169.0,112.6,1
169.0,112.6,1
169.0,112.6,1
0.0,0.0,1
0.0,0.0,1
0.0,0.0,1
0.0,0.0,1
0.0,0.0,1
0.0,0.0,1
0.0,0.0,1
0.0,0.0,1
0.0,0.0,1
0.0,0.0,1
0.0,0.0,1
0.0,0.0,1
0.0,0.0,1
0.0,0.0,1
0.0,0.0,1
0.0,0.0,1
0.0,0.0,1
0.0,0.0,1
0.0,0.0,1
0.0,0.0,1
0.0,0.0,1
0.0,0.0,1
0.0,0.0,1
0.0,0.0,1
0.0,0.0,1
0.0,0.0,1
0.0,0.0,1
0.0,0.0,1
0.0,0.0,1
-816.2,-58.2,1
-198.4,-78.4,1
-101.1,-55.6,1
42.3,-36.8,1
280.7,-2.1,1
432.9,16.2,1
373.6,19.4,1
248.8,6.7,1
106.5,-31.0,1
-102.0,-52.2,1
-303.8,-54.9,1
-472.4,-61.1,1
-442.5,-51.0,1
-319.2,-20.9,1
-147.3,34.6,1
42.1,57.6,1
265.9,93.2,1
419.5,86.6,1
426.0,21.9,1
331.1,-34.9,1
183.5,-66.5,1
-7.3,-102.7,1
-226.1,-121.0,1
-405.9,-111.1,1
-453.9,-35.2,1
-361.2,19.8,1
-234.2,82.6,1
-43.7,150.8,1
142.3,177.4,1
260.4,180.9,1
290.4,93.1,1
247.0,38.8,1
129.7,-99.3,1
-9.3,-127.6,1
-157.3,-133.4,1
-299.1,-129.1,1
-280.3,-56.0,1
-196.4,8.3,1
-40.1,73.7,1
129.8,130.1,1
285.8,144.6,1
358.5,92.9,1
311.9,41.3,1
206.5,-27.4,1
75.6,-65.2,1
-105.1,-122.2,1
-269.5,-120.2,1
-395.4,-127.5,1
-363.4,-117.7,1
-245.7,-93.0,1
-53.4,-55.5,1
108.8,3.6,1
297.0,39.5,1
413.0,62.4,1
367.3,53.4,1
245.5,29.7,1
74.0,-17.3,1
-108.3,-41.1,1
-311.1,-81.9,1
-483.2,-89.6,1
-484.4,-90.5,1
-370.9,-85.3,1
-213.6,-53.1,1
-28.2,31.0,1
132.1,44.1,1
349.6,55.2,1
472.8,82.3,1
466.0,72.6,1
374.5,53.7,1
242.0,-18.9,1
40.0,-51.3,1
-170.3,-91.2,1
-395.5,-107.7,1
-557.7,-100.1,1
-510.1,-110.4,0
-397.6,-80.2,0
-233.7,-43.7,0
-104.5,23.6,0
-12.1,31.6,0
14.2,47.2,0
31.7,53.1,0
34.8,53.1,0
53.8,48.5,0
57.7,55.2,0
67.8,57.7,0
73.8,51.7,0
79.8,53.7,0
76.9,61.3,0
74.8,51.8,0
68.3,61.8,0
61.9,55.8,0
41.1,58.4,0
25.1,57.0,0
19.4,49.0,0
16.3,39.5,0
16.3,35.9,0
30.7,194.1,0
30.9,194.5,0
30.3,194.9,0
30.1,195.7,0
29.9,196.5,0
29.6,196.2,0
28.9,196.8,0
29.0,197.1,0
29.3,197.1,0
28.9,197.1,0
29.0,197.3,0
29.1,197.4,0
28.7,197.5,0
29.0,197.3,0
29.4,197.1,0
29.2,197.0,0
29.1,197.0,0
29.5,196.7,0
27.1,199.3,0
26.9,199.1,0
28.7,196.9,0
29.1,196.5,0
29.0,195.9,0
28.7,195.9,0
29.0,195.3,0
28.8,195.0,0
28.8,194.6,0
29.2,194.4,0
29.0,194.3,0
28.9,194.3,0
28.8,194.4,0
29.2,194.1,0
29.2,194.0,0
16.4,56.5,0
87.7,50.0,0
139.3,63.2,0
144.2,58.8,0
125.1,61.6,0
103.5,55.3,0
75.7,68.6,0
74.5,55.6,0
80.6,54.3,0
111.1,65.1,1
177.2,72.1,1
196.6,56.4,1
159.3,-4.1,1
60.1,-59.7,1
-74.6,-136.8,1
-229.0,-194.9,1
-389.5,-207.8,1
-416.2,-178.0,1
-339.9,-127.9,1
-167.5,-29.3,1
3.7,44.6,1
215.4,113.3,1
389.4,133.5,1
447.3,77.0,1
335.1,6.2,1
178.5,-64.8,1
-14.9,-139.2,1
-244.9,-187.5,1
-405.0,-190.1,1
-429.8,-140.7,1
-330.1,-84.7,1
-211.1,-28.8,1
-62.1,44.3,1
55.3,117.8,1
128.9,139.6,1
206.8,133.0,1
182.7,98.3,1
77.6,26.4,1
-6.6,-14.0,1
-121.4,-55.3,1
-210.6,-69.1,1
-234.3,-46.1,1
-216.0,15.5,1
-166.1,45.2,1
-27.8,106.0,1
111.6,118.4,1
263.7,115.5,1
279.9,36.5,1
212.6,-38.7,1
88.3,-64.7,1
-26.2,-121.1,1
-139.1,-148.2,1
-252.6,-137.8,1
-238.9,-67.2,1
-140.1,-39.5,1
8.9,53.5,1
186.9,124.6,1
307.6,130.5,1
305.7,51.4,1
218.7,13.3,1
124.1,-44.3,1
62.9,-63.8,1
-20.9,-107.3,1
-61.9,-112.2,1
-69.8,-64.3,1
-73.7,26.7,1
-64.3,143.9,1
16.1,211.6,1
105.7,248.9,1
129.6,162.0,1
158.6,1.7,1
197.7,-143.9,1
166.1,-215.5,1
89.9,-250.9,1
12.8,-256.6,1
-43.1,-234.5,1
-49.9,-135.1,1
-14.2,38.2,1
60.5,232.1,1
67.3,318.3,1
38.9,324.3,1
-5.6,228.4,1
-54.0,85.4,1
-58.3,-61.7,1
35.5,-234.8,1
172.0,-310.5,1
306.1,-291.7,1
311.2,-247.4,1
228.2,-160.4,1
121.5,-95.5,1
9.4,-67.1,1
-105.6,-21.9,1
-203.6,34.4,1
-181.5,87.2,1
-109.8,127.2,1
-10.6,178.9,1
44.8,162.4,1
69.5,147.0,1
98.3,62.2,1
123.9,-58.1,1
139.3,-191.9,1
186.3,-238.7,1
256.9,-239.6,1
232.7,-231.6,1
77.1,-215.8,1
-132.8,-185.9,1
-211.0,-133.3,1
-184.8,-30.7,1
-226.3,71.5,1
-246.2,153.2,1
-116.6,219.6,1
106.8,242.2,1
167.3,213.3,1
119.7,129.8,1
67.9,-25.6,1
-46.8,-94.9,1
-178.5,-161.7,1
-231.8,-167.4,1
-144.2,-116.9,1
-54.3,-88.1,1
24.7,-66.5,1
47.7,-18.1,1
60.9,91.3,1
44.6,211.9,1
-6.9,233.0,1
-48.7,210.3,1
-67.7,112.3,1
-114.6,-36.5,1
-203.5,-210.9,1
-208.2,-307.6,1
-120.5,-336.0,1
-18.9,-331.2,1
21.8,-282.1,1
-16.4,-160.4,1
-22.4,42.6,1
-14.8,255.6,1
37.0,381.9,1
84.9,380.2,1
137.2,241.5,1
171.7,92.2,1
206.2,-107.5,1
201.1,-250.6,1
177.2,-314.5,1
0.0,0.0,1
0.0,0.0,1
0.0,0.0,1
-58.3,-311.7,1
-55.3,-292.5,1
-30.8,-291.7,1
-4.3,-230.4,1
20.1,-96.8,1
6.4,58.2,1
-35.7,268.4,1
-65.9,407.6,1
-52.2,396.1,1
-24.7,325.8,1
-10.8,215.6,1
-26.8,29.0,1
-72.7,-163.1,1
-122.7,-279.9,1
-130.0,-323.5,1
-106.5,-282.9,1
-32.7,-195.3,1
24.2,-77.7,1
70.4,85.9,1
100.7,215.4,1
106.1,314.6,1
86.7,328.1,1
65.6,274.2,1
63.5,86.1,1
80.3,-96.4,1
85.7,-251.1,1
0.0,0.0,1
0.0,0.0,1
0.0,0.0,1
0.0,0.0,1
0.0,0.0,1
0.0,0.0,1
0.0,0.0,1
0.0,0.0,1
0.0,0.0,1
0.0,0.0,1
0.0,0.0,1
4.4,-331.9,1
-8.4,-302.1,1
51.6,-264.2,0
76.1,-69.1,0
93.3,98.1,0
140.7,159.0,0
163.8,205.1,0
162.7,210.9,0
141.0,219.1,0
130.6,227.2,0
147.4,222.1,0
181.9,216.4,0
210.8,213.8,0
209.1,220.5,0
184.4,220.1,0
183.9,211.3,0
203.3,210.1,0
238.0,217.9,0
301.1,197.8,0
368.4,214.8,0
453.9,220.8,0
533.5,191.9,0
569.1,211.9,0
582.3,212.0,0
568.6,210.6,0
545.8,222.9,0
506.1,220.0,0
485.9,205.6,0
492.2,204.2,0
495.0,186.7,0
485.9,195.0,0
461.3,200.6,0
402.5,201.2,0
323.5,223.0,0
275.7,227.0,0
256.9,210.0,0
253.7,222.5,0
278.3,209.5,0
291.9,189.5,0
279.4,211.4,0
245.2,228.9,0
207.1,219.7,0
184.6,216.9,0
196.8,186.1,0
220.1,187.3,0
227.5,171.1,0
214.8,226.8,0
173.9,227.6,0
164.3,208.6,0
174.6,217.1,0
185.4,220.6,0
216.7,197.8,0
225.0,203.3,0
211.1,210.6,0
198.2,212.0,0
205.5,230.9,0
226.0,237.6,0
280.4,206.7,0
372.3,224.6,0
434.4,198.8,0
470.8,212.2,0
516.8,252.9,0
520.8,240.2,0
494.0,257.5,0
465.7,259.7,0
518.9,298.1,0
658.4,317.1,0
0.0,0.0,0
727.6,232.4,0
0.0,0.0,0
0.0,0.0,0
0.0,0.0,0
0.0,0.0,0
0.0,0.0,0
0.0,0.0,0
0.0,0.0,0
0.0,0.0,0
0.0,0.0,0
0.0,0.0,0
0.0,0.0,0
0.0,0.0,0
0.0,0.0,0
0.0,0.0,0
0.0,0.0,0
0.0,0.0,0
0.0,0.0,0
0.0,0.0,0
0.0,0.0,0
0.0,0.0,0
0.0,0.0,0
0.0,0.0,0
0.0,0.0,0
0.0,0.0,0
0.0,0.0,0
0.0,0.0,0
0.0,0.0,0
0.0,0.0,0
0.0,0.0,0
0.0,0.0,0
0.0,0.0,0
0.0,0.0,0
0.0,0.0,0
0.0,0.0,0
0.0,0.0,0
0.0,0.0,0
0.0,0.0,0
0.0,0.0,0
0.0,0.0,0
0.0,0.0,0
0.0,0.0,0
0.0,0.0,0
0.0,0.0,0
0.0,0.0,0
0.0,0.0,0
0.0,0.0,0
0.0,0.0,0
0.0,0.0,0
0.0,0.0,0
0.0,0.0,0
0.0,0.0,0
0.0,0.0,0
0.0,0.0,0
0.0,0.0,0
0.0,0.0,0
0.0,0.0,0
0.0,0.0,0
0.0,0.0,0
0.0,0.0,0
0.0,0.0,0
0.0,0.0,0
0.0,0.0,0
0.0,0.0,0
0.0,0.0,0
0.0,0.0,0
0.0,0.0,0
0.0,0.0,0
0.0,0.0,0
0.0,0.0,0
0.0,0.0,0
0.0,0.0,0
0.0,0.0,0
0.0,0.0,0
0.0,0.0,0
0.0,0.0,0
0.0,0.0,0
0.0,0.0,0
0.0,0.0,0
0.0,0.0,0
0.0,0.0,0
0.0,0.0,0
0.0,0.0,0
0.0,0.0,0
0.0,0.0,0
0.0,0.0,0
0.0,0.0,0
0.0,0.0,0
0.0,0.0,0
0.0,0.0,0
0.0,0.0,0
0.0,0.0,0
0.0,0.0,0
0.0,0.0,0
0.0,0.0,0
0.0,0.0,0
0.0,0.0,0
0.0,0.0,0
0.0,0.0,0
0.0,0.0,0
0.0,0.0,0
0.0,0.0,0
0.0,0.0,0
0.0,0.0,0
0.0,0.0,0
0.0,0.0,0
0.0,0.0,0
0.0,0.0,0
0.0,0.0,0
0.0,0.0,0
0.0,0.0,0
0.0,0.0,0
0.0,0.0,0
0.0,0.0,0
0.0,0.0,0
0.0,0.0,0
0.0,0.0,0
0.0,0.0,0
0.0,0.0,0
0.0,0.0,0
0.0,0.0,0
0.0,0.0,0
0.0,0.0,0
0.0,0.0,0
0.0,0.0,0
0.0,0.0,0
0.0,0.0,0
0.0,0.0,0
0.0,0.0,0
0.0,0.0,0
0.0,0.0,0
0.0,0.0,0
0.0,0.0,0
0.0,0.0,0
0.0,0.0,0
0.0,0.0,0
0.0,0.0,0
0.0,0.0,0
0.0,0.0,0
0.0,0.0,0
0.0,0.0,0
0.0,0.0,0
0.0,0.0,0
0.0,0.0,0
0.0,0.0,0
0.0,0.0,0
0.0,0.0,0
0.0,0.0,0
0.0,0.0,1
0.0,0.0,1
0.0,0.0,1
0.0,0.0,1
0.0,0.0,1
0.0,0.0,1
0.0,0.0,1
0.0,0.0,1
0.0,0.0,1
0.0,0.0,1
0.0,0.0,1
0.0,0.0,1
0.0,0.0,1
0.0,0.0,1
0.0,0.0,1
739.6,218.8,1
666.1,190.6,1
545.7,181.9,1
391.4,154.7,1
229.2,119.4,1
131.3,38.3,1
36.7,5.7,1
-130.5,-65.1,1
-390.7,-120.7,1
-544.5,-120.5,1
-515.8,-121.2,1
-420.0,-120.1,1
-258.6,-78.6,1
-69.5,-52.0,1
112.2,-0.2,1
211.6,17.3,1
294.8,6.6,1
292.5,-8.6,1
253.8,9.0,1
170.6,5.0,1
112.1,-24.4,1
72.8,-37.6,1
-17.0,-42.8,1
-85.8,-79.5,1
-104.2,-86.3,1
-112.6,-51.9,1
-105.5,-33.5,1
-78.0,29.8,1
-91.9,26.8,1
-86.5,56.2,1
-51.2,81.8,1
-29.5,102.8,1
-8.0,110.1,1
-14.1,44.9,1
-11.7,-35.1,1
18.6,-115.9,1
69.6,-141.3,1
87.0,-139.5,1
89.1,-49.7,1
62.1,49.7,1
-13.3,132.0,1
-111.8,158.3,1
-203.7,174.2,1
-217.8,139.0,1
-204.2,128.1,1
-138.7,98.4,1
-53.3,130.9,1
35.5,130.4,1
105.9,93.5,1
130.0,40.4,1
109.9,-2.9,1
54.7,-42.4,1
-40.4,-68.1,1
-150.3,-117.2,1
-213.5,-96.9,1
-205.0,-45.0,1
-113.7,-9.5,1
-46.0,27.9,1
30.3,34.6,1
86.2,69.9,1
147.2,52.3,1
154.5,34.4,1
159.1,6.5,1
143.5,-27.1,1
79.1,-33.0,1
-8.6,-55.4,1
-118.4,-65.2,1
-251.7,-60.9,1
-319.2,-28.3,1
-299.1,34.3,1
-224.9,59.3,1
-106.4,102.4,1
8.6,126.4,1
92.2,130.1,1
181.1,143.2,1
232.1,108.4,1
227.3,34.9,1
186.6,-17.0,1
154.9,-72.8,1
108.3,-110.3,1
26.9,-146.3,1
-55.3,-160.5,1
-125.5,-160.5,1
-166.5,-90.9,1
-172.2,-12.3,1
-161.2,54.1,1
-122.3,109.7,1
-115.4,135.0,1
-71.0,174.0,1
-20.8,211.7,1
16.6,175.8,1
23.8,138.6,1
12.4,62.8,1
17.9,-62.9,1
35.7,-170.2,1
62.6,-249.8,1
48.6,-180.4,0
-7.9,62.5,0
-29.5,121.4,0
-84.0,177.5,0
-111.9,184.1,0
-127.3,177.8,0
-129.8,171.8,0
-119.2,183.6,0
-104.3,185.7,0
-103.6,190.0,0
-107.3,193.4,0
-126.0,187.6,0
-178.0,177.2,0
-222.6,168.1,0
-310.1,182.9,0
-366.6,176.5,0
-395.9,179.2,0
-400.5,181.7,0
-392.4,181.6,0
-381.7,172.6,0
-396.1,195.9,0
-424.6,166.5,0
-427.8,159.3,0
-415.4,158.7,0
-386.2,162.4,0
-326.1,159.6,0
-297.7,152.4,0
-278.9,150.2,0
-291.5,157.4,0
-309.7,176.2,0
-357.4,170.1,0
-411.9,159.1,0
-494.6,194.4,0
-586.3,190.8,0
-640.9,172.7,0
0.0,0.0,0
0.0,0.0,0
0.0,0.0,0
0.0,0.0,0
0.0,0.0,0
0.0,0.0,0
0.0,0.0,0
0.0,0.0,0
0.0,0.0,0
0.0,0.0,0
0.0,0.0,0
0.0,0.0,0
0.0,0.0,0
0.0,0.0,0
0.0,0.0,0
0.0,0.0,0
0.0,0.0,0
0.0,0.0,0
0.0,0.0,0
0.0,0.0,0
0.0,0.0,0
0.0,0.0,0
0.0,0.0,0
0.0,0.0,0
0.0,0.0,0
138.2,33.1,0
138.2,32.6,0
0.0,0.0,0
0.0,0.0,0
0.0,0.0,0
0.0,0.0,0
0.0,0.0,0
0.0,0.0,0
0.0,0.0,0
0.0,0.0,0
0.0,0.0,0
0.0,0.0,0
0.0,0.0,0
0.0,0.0,0
0.0,0.0,0
0.0,0.0,0
0.0,0.0,0
0.0,0.0,0
0.0,0.0,0
0.0,0.0,0
0.0,0.0,0
0.0,0.0,0
0.0,0.0,0
0.0,0.0,0
0.0,0.0,0
0.0,0.0,0
0.0,0.0,0
0.0,0.0,0
0.0,0.0,0
0.0,0.0,0
0.0,0.0,0
0.0,0.0,0
0.0,0.0,0
0.0,0.0,0
0.0,0.0,0
0.0,0.0,0
0.0,0.0,0
0.0,0.0,0
0.0,0.0,0
0.0,0.0,0
0.0,0.0,0
0.0,0.0,0
0.0,0.0,0
0.0,0.0,0
0.0,0.0,0
0.0,0.0,0
0.0,0.0,0
0.0,0.0,0
0.0,0.0,0
0.0,0.0,0
0.0,0.0,0
0.0,0.0,0
0.0,0.0,0
0.0,0.0,0
0.0,0.0,0
0.0,0.0,0
0.0,0.0,0
0.0,0.0,0
0.0,0.0,0
0.0,0.0,0
0.0,0.0,0
0.0,0.0,0
0.0,0.0,0
0.0,0.0,0
0.0,0.0,0
0.0,0.0,0
0.0,0.0,0
0.0,0.0,0
0.0,0.0,0
0.0,0.0,0
0.0,0.0,0
0.0,0.0,0
0.0,0.0,0
0.0,0.0,0
0.0,0.0,0
0.0,0.0,0
0.0,0.0,0
0.0,0.0,0
0.0,0.0,0
0.0,0.0,0
0.0,0.0,0
0.0,0.0,0
0.0,0.0,0
0.0,0.0,0
0.0,0.0,0
0.0,0.0,0
0.0,0.0,0
0.0,0.0,0
0.0,0.0,0
0.0,0.0,0
0.0,0.0,0
0.0,0.0,0
0.0,0.0,0
0.0,0.0,0
0.0,0.0,0
0.0,0.0,0
0.0,0.0,0
0.0,0.0,0
0.0,0.0,0
0.0,0.0,0
0.0,0.0,0
0.0,0.0,0
0.0,0.0,0
0.0,0.0,0
0.0,0.0,0
0.0,0.0,0
0.0,0.0,0
0.0,0.0,0
0.0,0.0,0
0.0,0.0,0
0.0,0.0,0
0.0,0.0,0
0.0,0.0,0
0.0,0.0,0
0.0,0.0,0
0.0,0.0,0
0.0,0.0,0
0.0,0.0,0
0.0,0.0,0
0.0,0.0,0
0.0,0.0,0
0.0,0.0,0
0.0,0.0,0
0.0,0.0,0
0.0,0.0,0
0.0,0.0,0
0.0,0.0,0
0.0,0.0,0
0.0,0.0,0
0.0,0.0,0
0.0,0.0,0
0.0,0.0,0
0.0,0.0,0
0.0,0.0,0
0.0,0.0,0
0.0,0.0,0
0.0,0.0,0
0.0,0.0,0
0.0,0.0,0
0.0,0.0,0
0.0,0.0,0
0.0,0.0,0
0.0,0.0,0
0.0,0.0,0
0.0,0.0,0
0.0,0.0,0
0.0,0.0,0
0.0,0.0,0
0.0,0.0,0
0.0,0.0,0
0.0,0.0,0
0.0,0.0,0
0.0,0.0,0
0.0,0.0,0
0.0,0.0,0
0.0,0.0,0
0.0,0.0,0
0.0,0.0,0
0.0,0.0,0
0.0,0.0,0
0.0,0.0,0
0.0,0.0,0
0.0,0.0,0
0.0,0.0,0
0.0,0.0,0
0.0,0.0,0
0.0,0.0,0
0.0,0.0,0
0.0,0.0,0
0.0,0.0,0
0.0,0.0,0
0.0,0.0,0
0.0,0.0,0
0.0,0.0,0
0.0,0.0,0
0.0,0.0,0
0.0,0.0,0
0.0,0.0,0
0.0,0.0,0
0.0,0.0,0
0.0,0.0,0
0.0,0.0,0
0.0,0.0,0
0.0,0.0,0
0.0,0.0,0
0.0,0.0,0
0.0,0.0,0
0.0,0.0,0
0.0,0.0,0
0.0,0.0,0
0.0,0.0,0
0.0,0.0,0
0.0,0.0,0
0.0,0.0,0
0.0,0.0,0
0.0,0.0,0
0.0,0.0,0
0.0,0.0,0
0.0,0.0,0
0.0,0.0,0
0.0,0.0,0
0.0,0.0,0
0.0,0.0,0
0.0,0.0,0
0.0,0.0,0
0.0,0.0,0
0.0,0.0,0
0.0,0.0,0
0.0,0.0,0
0.0,0.0,0
0.0,0.0,0
0.0,0.0,0
0.0,0.0,0
0.0,0.0,0
0.0,0.0,0
0.0,0.0,0
0.0,0.0,0
0.0,0.0,0
0.0,0.0,0
0.0,0.0,0
0.0,0.0,0
0.0,0.0,0
0.0,0.0,0
0.0,0.0,0
0.0,0.0,0
0.0,0.0,0
0.0,0.0,0
0.0,0.0,0
0.0,0.0,0
0.0,0.0,0
0.0,0.0,0
0.0,0.0,0
0.0,0.0,0
0.0,0.0,0
0.0,0.0,0
0.0,0.0,0
0.0,0.0,0
0.0,0.0,0
0.0,0.0,0
0.0,0.0,0
0.0,0.0,0
0.0,0.0,0
0.0,0.0,0
0.0,0.0,0
0.0,0.0,0
0.0,0.0,0
0.0,0.0,0
0.0,0.0,0
0.0,0.0,0
0.0,0.0,0
0.0,0.0,0
0.0,0.0,0
0.0,0.0,0
0.0,0.0,0
0.0,0.0,0
0.0,0.0,0
0.0,0.0,0
0.0,0.0,0
0.0,0.0,0
0.0,0.0,0
0.0,0.0,0
0.0,0.0,0
0.0,0.0,0
0.0,0.0,0
0.0,0.0,0
0.0,0.0,0
0.0,0.0,0
0.0,0.0,0
0.0,0.0,0
0.0,0.0,0
0.0,0.0,0
0.0,0.0,0
0.0,0.0,0
0.0,0.0,0
0.0,0.0,0
0.0,0.0,0
0.0,0.0,0
0.0,0.0,0
0.0,0.0,0
0.0,0.0,0
0.0,0.0,0
0.0,0.0,0
0.0,0.0,0
0.0,0.0,0
0.0,0.0,0
0.0,0.0,0
0.0,0.0,0
0.0,0.0,0
0.0,0.0,0
0.0,0.0,0
0.0,0.0,0
0.0,0.0,0
0.0,0.0,0
0.0,0.0,0
0.0,0.0,0
0.0,0.0,0
0.0,0.0,0
0.0,0.0,0
0.0,0.0,0
0.0,0.0,0
0.0,0.0,0
0.0,0.0,0
0.0,0.0,0
0.0,0.0,0
0.0,0.0,0
0.0,0.0,0
0.0,0.0,0
0.0,0.0,0
0.0,0.0,0
0.0,0.0,0
0.0,0.0,0
0.0,0.0,0
0.0,0.0,0
0.0,0.0,0
0.0,0.0,0
0.0,0.0,0
0.0,0.0,0
0.0,0.0,0
0.0,0.0,0
0.0,0.0,0
0.0,0.0,0
0.0,0.0,0
0.0,0.0,0
0.0,0.0,0
0.0,0.0,0
0.0,0.0,0
0.0,0.0,0
0.0,0.0,0
0.0,0.0,0
0.0,0.0,0
0.0,0.0,0
0.0,0.0,0
0.0,0.0,0
0.0,0.0,0
0.0,0.0,0
0.0,0.0,0
0.0,0.0,0
0.0,0.0,0
0.0,0.0,0
0.0,0.0,0
0.0,0.0,0
0.0,0.0,0
0.0,0.0,0
0.0,0.0,0
0.0,0.0,0
0.0,0.0,0
0.0,0.0,0
0.0,0.0,0
0.0,0.0,0
0.0,0.0,0
0.0,0.0,0
0.0,0.0,0
0.0,0.0,0
0.0,0.0,0
0.0,0.0,0
0.0,0.0,0
0.0,0.0,0
0.0,0.0,0
0.0,0.0,0
0.0,0.0,0
0.0,0.0,0
0.0,0.0,0
0.0,0.0,0
0.0,0.0,0
0.0,0.0,0
0.0,0.0,0
-643.0,149.9,0
-647.8,151.0,0
-610.5,158.4,0
-585.5,160.8,1
-580.7,154.5,1
-582.1,161.3,1
-531.7,159.7,1
-468.5,191.9,1
-347.3,230.8,1
-149.8,265.0,1
48.0,313.6,1
240.2,317.8,1
395.0,217.6,1
448.7,41.3,1
376.2,-138.6,1
243.2,-272.6,1
0.0,0.0,1
0.0,0.0,1
0.0,0.0,1
0.0,0.0,1
0.0,0.0,1
0.0,0.0,1
0.0,0.0,1
0.0,0.0,1
0.0,0.0,1
0.0,0.0,1
0.0,0.0,1
0.0,0.0,1
0.0,0.0,1
-419.8,-328.0,1
-438.2,-320.6,1
-387.6,-305.6,1
-226.3,-252.9,1
-71.0,-190.6,1
22.5,-139.1,1
78.7,-69.7,1
117.2,27.7,1
143.5,147.9,1
121.6,213.4,1
64.6,254.2,1
-7.7,212.6,1
-24.3,111.7,1
-53.3,-31.3,1
-88.5,-34.9,1
-129.7,-76.5,1
-137.2,-65.7,1
-85.7,-66.3,1
-20.3,-41.9,1
90.8,-46.6,1
214.1,-8.5,1
262.8,42.4,1
212.6,61.8,1
99.9,59.9,1
4.1,41.5,1
-28.8,50.6,1
-54.1,35.6,1
-43.8,-39.6,1
-12.2,-137.8,1
82.2,-162.3,1
138.2,-144.5,1
145.0,-77.1,1
115.1,-38.7,1
79.6,6.8,1
23.3,23.1,1
-35.5,32.8,1
-108.0,19.6,1
-160.0,32.6,1
-106.0,28.8,1
-59.6,42.7,1
28.0,25.6,1
136.5,45.0,1
224.9,35.4,1
260.8,35.6,1
245.8,20.0,1
195.3,-18.9,1
90.4,-59.1,1
-30.4,-88.5,1
-186.3,-86.3,1
-320.5,-69.0,1
-344.2,-7.7,1
-255.1,57.0,1
-105.3,110.0,1
74.6,136.1,1
266.0,149.5,1
397.3,133.7,1
401.5,53.2,1
298.3,-25.2,1
134.6,-81.3,1
-89.6,-160.2,1
-292.9,-213.1,1
-488.1,-198.2,1
-524.7,-135.0,1
-424.2,-70.3,1
-313.7,-15.8,1
-266.8,35.0,1
-177.4,95.5,1
-111.6,132.2,1
-81.8,142.5,1
-19.6,181.8,1
81.9,187.9,1
119.4,113.0,1
119.3,5.6,1
89.8,-131.6,1
21.3,-199.9,1
-85.5,-234.2,1
-178.1,-233.8,1
-242.5,-197.9,1
-268.4,-167.6,1
-257.0,-130.4,1
-143.5,-7.2,1
-21.9,100.4,1
115.4,189.5,1
181.6,213.4,1
165.7,103.6,1
121.7,-55.7,1
36.1,-160.6,1
-76.1,-232.1,1
-127.2,-220.8,1
-135.3,-141.4,1
-141.1,28.3,1
-134.8,216.4,1
-80.5,336.4,1
-6.3,368.5,1
42.1,279.3,1
86.9,119.1,1
163.5,-99.4,1
219.2,-251.1,1
0.0,0.0,1
0.0,0.0,1
0.0,0.0,1
0.0,0.0,1
0.0,0.0,1
0.0,0.0,1
0.0,0.0,1
0.0,0.0,1
0.0,0.0,1
0.0,0.0,1
0.0,0.0,1
0.0,0.0,1
0.0,0.0,1
0.0,0.0,1
-121.5,-307.1,1
-131.9,-290.4,1
-100.3,-264.3,1
-35.3,-206.2,1
73.0,-100.9,1
139.6,32.3,1
167.0,163.8,1
160.3,201.9,1
115.5,176.3,1
72.5,126.5,1
39.5,32.8,1
45.9,-48.8,1
81.8,-73.1,1
90.6,-131.5,1
63.7,-168.0,1
-29.7,-201.8,1
-102.6,-183.3,1
-122.5,-73.5,1
-105.5,70.0,1
-74.7,219.4,1
-28.5,278.3,1
-33.5,313.2,1
-57.7,254.8,1
-91.6,208.6,1
-119.2,153.6,1
-121.2,79.4,1
-90.9,-14.2,1
18.8,-78.8,1
152.2,-126.8,1
271.4,-157.7,1
261.7,-105.5,1
170.8,-78.9,1
51.8,-73.9,1
-69.9,-55.7,1
-180.2,-63.7,1
-214.2,-26.0,1
-154.1,22.0,1
-80.2,32.2,1
-46.1,45.1,1
-13.0,75.7,1
9.0,77.7,1
22.9,74.8,1
18.6,39.6,1
31.9,-43.7,1
56.6,-142.5,1
92.6,-234.1,1
104.2,-236.5,1
110.7,-183.4,1
90.8,-63.4,1
59.9,61.9,1
4.2,123.7,1
-92.9,159.0,1
-135.1,163.3,1
-164.7,144.4,1
-152.7,129.5,1
-76.7,81.9,1
-7.2,69.0,1
68.2,40.6,1
85.2,13.8,1
81.9,-44.9,1
57.2,-83.3,1
-5.6,-102.7,1
-37.4,-118.1,1
-78.8,-81.5,1
-102.4,-0.9,1
-117.6,75.0,1
-145.4,131.2,1
-197.9,135.7,1
-187.3,142.7,1
-138.7,166.7,1
-32.4,189.7,1
97.7,198.3,1
179.1,158.4,1
190.2,72.1,1
154.4,-56.9,1
71.6,-157.3,1
-24.7,-211.5,1
-68.2,-230.0,1
-59.2,-184.2,1
11.9,-83.5,1
53.5,53.1,1
50.5,181.5,1
6.5,325.2,1
-101.3,348.6,1
-195.9,314.4,1
-299.3,188.1,1
-402.8,107.8,1
-491.6,60.1,1
-447.6,3.7,1
-365.8,-6.7,1
-258.3,13.3,1
-103.4,33.4,1
64.3,54.7,1
198.3,76.9,1
313.3,78.1,1
303.5,77.3,1
244.9,49.4,1
138.2,41.9,1
-24.0,38.0,1
-227.4,4.3,1
-493.9,-6.6,1
-616.6,-37.2,1
-647.2,-9.0,1
-508.7,7.2,1
-312.2,71.2,1
-120.0,140.0,1
91.9,180.0,1
318.9,223.3,1
491.7,214.8,1
513.1,152.8,1
366.5,115.8,1
178.8,81.7,1
-40.9,25.9,1
-240.0,-27.8,1
-397.7,-34.0,1
-396.1,-40.6,1
-340.0,-22.2,1
-250.3,26.8,1
-123.3,64.2,1
11.7,112.6,1
174.5,153.1,1
359.9,137.5,1
448.4,93.0,1
405.2,30.4,1
272.2,20.7,1
86.7,-5.6,1
-180.7,-86.9,1
-466.2,-82.1,1
-674.1,-105.7,1
-667.2,-58.3,1
-497.2,-16.9,1
-282.5,41.6,1
-1.6,141.2,1
261.1,204.5,1
525.7,228.6,1
641.7,159.2,1
535.5,153.3,1
368.4,118.5,1
200.2,86.4,1
20.9,47.9,1
-158.4,11.9,1
-359.6,-60.1,1
-486.9,-110.5,1
-447.8,-117.6,1
-314.8,-61.8,1
-137.8,-30.4,1
54.0,30.9,1
308.6,80.0,1
544.7,101.5,1
556.1,123.3,1
434.7,105.4,1
247.8,85.1,1
7.8,44.2,1
-236.8,14.9,1
-460.8,-47.1,1
-541.5,-71.7,1
-408.3,-83.6,1
-236.1,-59.9,1
-31.1,-43.3,1
127.6,12.6,1
320.1,56.2,1
504.9,130.8,1
504.0,99.3,1
412.7,110.7,1
259.5,67.9,1
79.8,51.4,1
-138.0,-42.4,1
-364.7,-86.6,1
-469.5,-90.7,1
-423.4,-84.1,1
-293.6,-59.2,1
-123.6,4.5,1
-3.4,36.4,1
91.4,72.7,1
179.2,75.2,1
183.4,49.2,1
109.1,-3.9,1
20.6,-30.8,1
-81.4,-39.3,1
-168.8,-54.9,1
-170.9,-50.7,1
-82.8,-65.6,1
2.3,-39.7,1
154.2,5.1,1
289.7,31.9,1
325.3,82.8,1
299.2,75.5,1
223.8,57.3,1
80.5,85.3,1
-39.5,57.2,1
-182.7,20.6,1
-248.6,11.4,1
-258.5,-25.9,1
-216.0,-4.9,1
-171.6,8.8,1
-88.7,21.6,1
41.5,46.2,1
188.4,73.5,1
333.3,65.7,1
325.9,53.8,1
243.0,47.7,1
89.0,32.0,1
-78.1,-11.1,1
-292.6,-53.1,1
-468.8,-94.9,1
-459.6,-62.4,1
-368.9,-69.0,1
-233.4,-10.0,1
-18.6,44.7,1
202.0,81.5,1
306.9,103.3,1
320.1,59.9,1
282.8,53.4,1
239.4,39.3,1
119.4,-11.5,1
54.0,-47.4,1
5.0,-50.2,1
-57.6,-48.6,1
-162.5,-40.6,1
-205.5,22.3,1
-152.2,65.6,1
-69.6,108.1,1
72.6,169.8,1
214.0,175.6,1
293.4,81.3,1
354.9,9.1,1
364.5,-57.6,1
300.2,-117.3,1
251.4,-139.9,1
115.7,-177.4,1
38.9,-159.6,1
-24.1,-181.2,1
-64.9,-119.5,1
-102.0,-14.0,1
-124.9,126.4,1
-125.4,228.7,1
-38.0,336.7,1
73.0,347.4,1
164.1,256.3,1
239.6,86.2,1
286.8,-42.6,1
363.7,-194.4,1
334.6,-258.4,1
175.1,-299.6,1
0.0,0.0,1
0.0,0.0,1
-289.0,-298.4,1
-364.0,-241.6,1
-354.6,-149.2,1
-224.5,-99.2,1
-70.5,30.3,1
105.3,122.2,1
273.6,191.6,1
376.9,221.0,1
365.6,230.3,1
273.6,169.0,1
107.4,83.8,1
-26.5,22.8,1
-197.7,-77.1,1
-311.0,-108.5,1
-323.9,-122.0,1
-297.4,-92.1,1
-202.1,-54.6,1
-108.7,4.0,1
16.3,30.6,1
184.5,91.9,1
277.6,97.8,1
313.0,29.2,1
265.8,12.8,1
124.8,-35.9,1
-17.6,-57.8,1
-212.6,-97.4,1
-404.8,-92.8,1
-492.8,-45.7,1
-444.2,-1.3,1
-304.1,83.3,1
-93.5,157.7,1
81.1,206.5,1
316.2,167.1,1
508.1,129.7,1
603.0,19.1,1
565.4,-105.4,1
438.6,-177.3,1
265.2,-233.7,1
50.5,-258.6,1
-200.5,-276.4,1
-417.5,-260.6,1
-509.9,-220.4,1
-440.2,-97.9,1
-295.3,-16.1,1
-82.4,117.7,1
29.4,177.1,1
403.3,288.5,1
566.0,289.6,1
586.9,188.8,1
470.0,134.3,1
311.3,41.5,1
142.2,-42.2,1
-14.1,-133.8,1
-169.8,-188.1,1
-269.4,-217.3,1
-308.7,-188.1,1
-251.3,-121.9,1
-168.4,-35.7,1
-84.7,63.3,1
13.0,141.5,1
157.8,231.9,1
282.5,245.1,1
365.3,163.4,1
410.1,14.4,1
371.3,-76.0,1
290.2,-201.4,1
179.9,-241.2,1
47.6,-252.7,1
20.7,-268.6,1
-85.5,-247.4,1
-150.1,-245.7,1
-172.1,-224.2,1
-144.9,-126.2,1
-83.9,-27.9,1
43.2,139.3,1
147.7,246.4,1
217.3,310.4,1
222.6,263.9,1
184.6,127.3,1
150.0,-47.2,1
88.4,-118.0,1
78.5,-202.2,1
63.8,-240.6,1
66.2,-266.7,1
113.4,-233.9,1
173.0,-124.8,1
213.6,-36.1,1
206.6,92.2,1
139.9,122.0,1
40.5,141.1,1
-105.7,127.9,1
-198.3,122.1,1
-219.3,66.3,1
-146.0,65.2,1
-106.5,51.7,1
-64.9,52.8,1
-12.4,39.0,1
79.2,47.3,1
207.0,54.6,1
262.7,40.8,1
242.9,-11.6,1
171.6,-32.5,1
43.3,-53.4,1
-44.8,-81.6,1
-159.8,-79.4,1
-183.6,-68.5,1
-160.6,-17.0,1
-116.7,-9.9,1
-66.1,51.0,1
-35.2,76.4,1
-16.8,95.9,1
39.9,80.1,1
61.8,54.0,1
75.3,-20.5,1
63.4,-85.5,1
30.1,-145.4,1
-54.8,-184.2,1
-150.8,-152.4,1
-218.7,-108.9,1
-175.7,-52.4,1
-109.5,1.6,1
39.6,69.7,1
208.2,88.5,1
357.6,160.1,1
406.3,97.0,1
377.5,81.6,1
265.4,58.7,1
135.2,-9.2,1
4.7,-37.5,1
-121.4,-74.5,1
-199.4,-72.9,1
-163.6,-49.5,1
-69.9,-34.6,1
11.5,-11.4,1
83.3,21.2,1
130.8,44.6,1
127.5,61.7,1
114.2,61.9,1
87.8,51.8,1
46.1,34.1,1
-45.3,21.2,1
-170.7,-6.0,1
-269.8,-5.8,1
-270.8,-1.2,1
-236.1,17.2,1
-132.9,3.8,1
32.3,20.9,1
169.0,27.9,1
306.3,25.5,1
268.6,16.2,1
184.3,23.3,1
86.8,-28.3,1
10.7,-22.4,1
-57.7,-50.9,1
-100.2,-66.5,1
-96.0,-45.6,1
-6.2,-31.2,1
108.8,-5.0,1
188.1,35.2,1
276.7,78.6,1
301.7,71.6,1
273.3,60.7,1
203.1,42.3,1
88.5,25.1,1
-81.0,-34.8,1
-219.5,-51.4,1
-302.4,-66.7,1
-260.7,-56.4,1
-147.7,-45.2,1
13.6,-15.4,1
187.9,26.3,1
340.1,42.4,1
373.0,54.7,1
310.9,87.6,1
193.4,65.3,1
41.7,33.2,1
-71.5,-17.9,1
-201.7,-23.8,1
-281.4,-53.2,1
-210.1,-40.4,1
-105.5,-21.4,1
22.9,-13.4,1
138.8,-1.4,1
232.7,28.8,1
233.5,31.8,1
195.9,4.0,1
120.4,-47.3,1
50.1,-32.1,1
-57.3,-54.3,1
-183.0,-62.0,1
-275.1,-61.3,1
-278.1,-60.6,1
-208.0,-13.8,1
-78.4,5.7,1
78.0,3.6,1
247.7,9.4,1
352.8,23.5,1
312.1,25.4,1
215.8,20.2,1
48.4,-13.3,1
-159.4,-31.8,1
-404.1,-56.7,1
-559.1,-74.6,1
-562.4,-56.2,1
-459.1,-54.8,1
-323.3,5.4,1
-143.5,36.2,1
85.2,47.1,1
347.2,76.9,1
498.2,94.7,1
431.2,104.5,1
291.4,96.4,1
147.2,73.6,1
-31.6,-18.7,1
-245.3,-33.3,1
-389.9,-80.2,1
-367.3,-84.3,1
-238.0,-77.4,1
-114.5,-52.8,1
24.0,-6.3,1
140.2,46.5,1
202.3,89.3,1
131.8,49.6,1
-5.6,67.5,1
-138.0,68.8,1
-262.9,24.0,1
-299.3,-33.2,1
-256.8,-44.8,1
-157.2,-56.4,1
-59.2,-55.5,1
28.2,-47.8,1
132.8,-32.1,1
185.7,8.4,1
212.1,47.4,1
181.9,36.5,1
137.9,53.6,1
84.1,45.3,1
46.0,12.4,1
-29.8,-19.4,1
-122.3,-61.6,1
-213.5,-66.9,1
-233.0,-52.9,1
-239.5,-40.8,1
-180.7,-29.7,1
-70.5,12.2,1
71.9,39.2,1
251.9,50.7,1
430.2,35.6,1
468.1,55.5,1
395.5,47.6,1
293.6,38.9,1
152.7,-11.7,1
40.8,-49.8,1
-74.6,-78.2,1
-175.6,-96.1,1
-213.1,-87.8,1
-113.8,-85.4,1
-30.3,-78.2,1
35.0,-59.7,1
110.2,-27.4,1
126.8,51.7,1
91.9,113.6,1
26.3,119.3,1
-60.0,114.4,1
-134.5,57.8,1
-185.8,-15.9,1
-178.4,-59.0,1
-137.9,-99.3,1
-49.0,-118.3,1
53.6,-112.0,1
147.9,-73.1,1
164.7,16.3,1
120.0,96.2,1
56.9,141.4,1
-19.2,177.9,1
-86.4,144.6,1
-94.2,99.7,1
-91.5,18.9,1
-71.2,-72.3,1
-25.8,-144.6,1
17.4,-150.5,1
54.8,-138.0,1
64.5,-80.5,1
66.6,-15.0,1
59.1,83.9,1
10.9,119.0,1
-62.0,138.0,1
-139.7,116.7,1
-204.5,61.2,1
-216.9,-9.3,1
-173.3,-38.2,1
-83.8,-44.7,1
55.1,-47.4,1
174.4,-44.8,1
292.2,-50.2,1
275.8,-37.6,1
214.2,-22.4,1
113.0,-60.7,1
-55.4,-51.9,1
-201.1,-68.3,1
-301.8,-65.8,1
-280.6,-55.9,1
-233.3,-66.0,1
-164.1,-62.5,1
-74.3,-34.3,1
16.4,-11.1,1
115.6,31.3,1
213.1,46.4,1
215.0,32.8,1
185.2,18.0,1
145.5,-3.2,1
71.2,-17.8,1
-92.9,-53.4,1
-243.0,-81.0,1
-403.8,-76.5,1
-523.2,-62.5,1
-511.0,-51.4,1
-393.0,-41.4,1
-208.9,-31.6,1
-23.7,13.8,1
151.5,56.9,1
307.2,104.0,1
371.0,104.8,1
230.8,105.1,1
104.0,78.5,1
-64.4,34.7,1
-199.6,-35.1,1
-306.8,-85.8,1
-333.1,-82.7,1
-330.8,-76.9,1
-330.4,-70.1,1
-301.1,-31.7,1
-249.5,4.1,1
-180.3,28.8,1
-59.8,96.6,1
82.2,118.7,1
213.6,141.8,1
306.1,66.4,1
336.2,-37.7,1
289.2,-97.6,1
177.6,-170.1,1
8.1,-238.3,1
-156.4,-252.2,1
-296.8,-253.2,1
-318.0,-211.9,1
-234.2,-110.5,1
-65.1,12.6,1
71.0,78.1,1
185.2,171.5,1
275.1,219.9,1
185.0,195.8,1
30.5,163.0,1
-117.1,103.8,1
-250.8,38.0,1
-330.9,-50.1,1
-299.3,-76.4,1
-200.5,-78.3,1
-79.0,-85.9,1
60.1,-74.5,1
186.8,-36.8,1
241.5,-14.5,1
115.2,-19.9,1
-20.6,-25.3,1
-151.1,-51.4,1
-221.4,-45.5,1
-194.4,8.5,1
-123.9,44.9,1
-55.1,118.1,1
18.0,161.4,1
44.7,165.8,1
21.8,102.7,1
-5.8,-40.0,1
-14.6,-147.0,1
-4.0,-237.9,1
14.7,-229.8,1
-15.9,-139.7,1
-46.1,-29.4,1
-118.8,113.9,1
-215.2,291.1,1
-199.1,367.5,1
-99.2,379.6,1
29.7,353.0,1
116.4,263.4,1
178.5,73.5,1
263.3,-134.6,1
281.8,-289.0,1
219.5,-326.7,1
0.0,0.0,1
0.0,0.0,1
-112.7,-294.0,1
-153.0,-256.5,1
-169.4,-191.0,1
-161.5,-51.2,1
-145.7,122.4,1
-79.9,224.3,1
28.2,325.1,1
173.4,351.0,1
265.2,262.4,1
345.1,42.2,1
357.4,-155.8,1
295.5,-256.0,1
166.1,-328.5,1
0.0,0.0,1
0.0,0.0,1
0.0,0.0,1
-175.2,-285.2,1
-188.3,-265.0,1
-190.4,-248.0,1
-172.6,-172.4,1
-109.1,-71.2,1
17.1,33.2,1
182.6,103.0,1
349.9,126.6,1
448.3,88.6,1
450.8,54.3,1
359.7,-22.0,1
228.6,-119.8,1
51.0,-201.8,1
-128.6,-230.9,1
-323.9,-250.4,1
-425.4,-214.6,1
-415.4,-119.9,1
-298.1,2.6,1
-138.7,59.4,1
59.3,146.0,1
252.7,205.6,1
407.9,223.3,1
412.8,156.2,1
281.0,77.2,1
79.3,30.0,1
-131.3,-85.6,1
-343.5,-110.6,1
-441.0,-194.3,1
-352.8,-184.9,1
-225.7,-126.5,1
-126.6,-100.7,1
-33.0,-52.8,1
39.4,-34.0,1
147.8,40.4,1
213.6,72.1,1
237.9,92.2,1
261.5,94.4,1
234.8,38.8,1
129.1,-8.4,1
-40.6,93.5,1
0.0,0.0,1
0.0,0.0,1
0.0,0.0,1
0.0,0.0,1
0.0,0.0,1
0.0,0.0,1
0.0,0.0,1
0.0,0.0,1
-510.3,-192.0,1
-529.6,-198.6,1
0.0,0.0,1
-428.8,-179.9,1
-261.8,-152.4,1
-108.0,-126.2,1
94.3,-106.5,1
303.7,-62.6,1
415.2,-5.1,1
349.7,23.6,1
229.3,25.1,1
70.7,-9.4,1
-58.5,-45.3,1
-184.2,-90.9,1
-264.4,-113.2,1
-202.1,-116.0,1
-111.2,-99.3,1
32.0,-84.6,1
178.3,-55.8,1
360.2,-15.3,1
432.7,57.5,1
421.8,39.0,1
357.6,20.5,1
238.3,-20.5,1
102.5,-48.6,1
-46.7,-109.0,1
-226.1,-154.1,1
-324.0,-189.9,1
-299.2,-153.6,1
-220.9,-138.4,1
-145.2,-126.2,1
-61.6,-76.4,1
8.1,-37.4,1
120.0,16.4,1
243.3,52.0,1
283.9,84.6,1
277.8,106.3,1
264.1,85.8,1
210.3,63.2,1
157.0,31.2,1
72.7,-1.6,1
-23.7,-58.9,1
-142.5,-121.7,1
-252.1,-133.8,1
-231.7,-108.0,1
-144.7,-92.6,1
-32.2,-44.5,1
64.7,-44.4,1
162.1,-8.8,1
197.4,-4.1,1
132.4,11.6,1
64.4,-19.1,1
-0.9,-46.4,1
-55.0,-61.6,1
-72.8,-84.0,1
-23.7,-45.0,1
61.5,-42.2,1
142.5,-35.0,1
172.9,11.0,1
166.4,15.0,1
126.6,-4.4,1
56.9,-37.9,1
-21.9,-54.5,1
-92.2,-65.0,1
-120.1,-70.0,1
-110.9,-44.7,1
-59.3,-37.6,1
-14.1,1.4,1
80.4,41.4,1
219.6,62.7,1
333.4,80.4,1
390.6,58.5,1
371.5,53.7,1
294.5,6.8,1
152.6,-44.0,1
-6.6,-57.2,1
-244.4,-88.2,1
-419.3,-94.2,1
-453.1,-89.7,1
-392.9,-64.4,1
-245.5,-61.7,1
-102.2,-39.0,1
64.4,45.6,1
185.1,65.7,1
243.0,76.0,1
183.2,86.7,1
154.6,90.0,1
145.5,66.6,1
145.4,66.5,1
140.2,34.2,1
145.6,65.8,1
145.4,66.5,1
145.6,65.7,1
145.5,66.2,1
145.4,66.3,1
145.6,65.7,1
145.5,65.9,1
145.5,66.1,1
145.4,66.0,1
145.6,65.1,1
145.7,65.0,1
145.6,65.9,1
145.6,65.7,1
145.6,65.3,1
145.6,65.0,1
145.5,65.5,1
145.6,64.9,0
145.5,65.4,0
145.6,65.6,0
145.6,65.5,0
145.6,65.3,0
145.6,64.8,0
145.5,65.4,0
145.6,65.4,0
145.6,65.4,0
145.7,65.0,0
145.5,65.5,0
145.7,64.9,0
145.6,65.5,0
145.6,65.9,0
140.3,34.7,0
0.0,0.0,0
0.0,0.0,0
0.0,0.0,0
0.0,0.0,0
0.0,0.0,0
0.0,0.0,0
0.0,0.0,0
0.0,0.0,0
0.0,0.0,0
0.0,0.0,0
0.0,0.0,0
142.7,131.1,0
142.8,132.4,0
142.8,130.9,0
142.8,130.7,0
142.8,131.0,0
142.8,131.4,0
142.8,131.2,0
0.0,0.0,0
0.0,0.0,0
0.0,0.0,0
142.2,128.8,0
142.3,131.1,0
142.2,130.9,0
142.3,130.4,0
142.3,129.9,0
142.3,130.0,0
142.3,130.0,0
142.3,129.8,0
142.2,130.4,0
142.3,130.2,0
142.2,130.7,0
142.2,129.2,0
142.2,129.4,0
142.2,129.1,0
142.1,120.5,0
142.1,121.1,0
141.7,102.7,0
141.7,107.3,0
0.0,0.0,0
0.0,0.0,0
0.0,0.0,0
0.0,0.0,0
0.0,0.0,0
0.0,0.0,0
0.0,0.0,0
0.0,0.0,0
0.0,0.0,0
0.0,0.0,0
0.0,0.0,0
0.0,0.0,0
0.0,0.0,0
0.0,0.0,0
0.0,0.0,0
0.0,0.0,0
0.0,0.0,0
0.0,0.0,0
0.0,0.0,0
-247.6,213.7,0
0.0,0.0,0
-160.3,184.8,0
-165.6,168.3,0
-162.5,165.8,0
-162.5,165.6,0
-163.8,166.0,0
-162.9,168.0,0
-163.4,166.7,0
-163.9,164.4,0
-163.2,166.0,0
-163.5,165.9,0
-163.4,167.1,0
-163.5,167.8,0
-161.2,167.3,0
-160.0,162.8,0
-160.0,161.8,0
-47.1,148.0,0
-50.6,149.7,0
0.0,0.0,0
0.0,0.0,0
0.0,0.0,0
0.0,0.0,0
0.0,0.0,0
0.0,0.0,0
0.0,0.0,0
0.0,0.0,0
0.0,0.0,0
0.0,0.0,0
0.0,0.0,0
0.0,0.0,0
0.0,0.0,0
0.0,0.0,0
0.0,0.0,0
0.0,0.0,0
0.0,0.0,0
0.0,0.0,0
0.0,0.0,0
0.0,0.0,0
0.0,0.0,0
0.0,0.0,0
0.0,0.0,0
0.0,0.0,0
0.0,0.0,0
0.0,0.0,0
0.0,0.0,0
0.0,0.0,0
0.0,0.0,0
0.0,0.0,0
0.0,0.0,0
0.0,0.0,0
0.0,0.0,0
0.0,0.0,0
0.0,0.0,0
0.0,0.0,0
0.0,0.0,0
0.0,0.0,0
0.0,0.0,0
0.0,0.0,0
0.0,0.0,0
0.0,0.0,0
0.0,0.0,0
0.0,0.0,0
0.0,0.0,0
0.0,0.0,0
0.0,0.0,0
0.0,0.0,0
0.0,0.0,0
0.0,0.0,0
0.0,0.0,0
0.0,0.0,0
0.0,0.0,0
0.0,0.0,0
0.0,0.0,0
0.0,0.0,0
0.0,0.0,0
0.0,0.0,0
0.0,0.0,0
0.0,0.0,0
0.0,0.0,0
0.0,0.0,0
0.0,0.0,0
0.0,0.0,0
0.0,0.0,0
0.0,0.0,0
0.0,0.0,0
0.0,0.0,0
0.0,0.0,0
0.0,0.0,0
0.0,0.0,0
0.0,0.0,0
0.0,0.0,0
0.0,0.0,0
0.0,0.0,0
0.0,0.0,0
0.0,0.0,0
0.0,0.0,0
0.0,0.0,0
0.0,0.0,0
0.0,0.0,0
0.0,0.0,0
0.0,0.0,0
0.0,0.0,0
0.0,0.0,0
0.0,0.0,0
0.0,0.0,0
0.0,0.0,0
0.0,0.0,0
0.0,0.0,0
0.0,0.0,0
0.0,0.0,0
0.0,0.0,0
0.0,0.0,0
0.0,0.0,0
0.0,0.0,0
0.0,0.0,0
0.0,0.0,0
0.0,0.0,0
0.0,0.0,0
0.0,0.0,0
0.0,0.0,0
0.0,0.0,0
0.0,0.0,0
0.0,0.0,0
0.0,0.0,0
0.0,0.0,0
0.0,0.0,0
0.0,0.0,0
0.0,0.0,0
0.0,0.0,0
0.0,0.0,0
0.0,0.0,0
0.0,0.0,0
0.0,0.0,0
0.0,0.0,0
0.0,0.0,0
0.0,0.0,0
0.0,0.0,0
0.0,0.0,0
0.0,0.0,0
0.0,0.0,0
0.0,0.0,0
0.0,0.0,0
0.0,0.0,0
0.0,0.0,0
0.0,0.0,0
0.0,0.0,0
0.0,0.0,0
0.0,0.0,0
0.0,0.0,0
0.0,0.0,0
0.0,0.0,0
0.0,0.0,0
0.0,0.0,0
0.0,0.0,0
0.0,0.0,0
0.0,0.0,0
0.0,0.0,0
0.0,0.0,0
0.0,0.0,0
0.0,0.0,0
0.0,0.0,0
0.0,0.0,0
0.0,0.0,0
0.0,0.0,0
0.0,0.0,0
0.0,0.0,0
0.0,0.0,0
0.0,0.0,0
0.0,0.0,0
0.0,0.0,0
0.0,0.0,0
0.0,0.0,0
0.0,0.0,0
0.0,0.0,0
0.0,0.0,0
0.0,0.0,0
0.0,0.0,0
0.0,0.0,0
0.0,0.0,0
0.0,0.0,0
0.0,0.0,0
0.0,0.0,0
0.0,0.0,0
0.0,0.0,0
0.0,0.0,0
0.0,0.0,0
0.0,0.0,0
0.0,0.0,0
0.0,0.0,0
0.0,0.0,0
0.0,0.0,0
0.0,0.0,0
0.0,0.0,0
0.0,0.0,0
0.0,0.0,0
0.0,0.0,0
0.0,0.0,0
0.0,0.0,0
0.0,0.0,0
0.0,0.0,0
0.0,0.0,0
0.0,0.0,0
0.0,0.0,0
0.0,0.0,0
0.0,0.0,0
0.0,0.0,0
0.0,0.0,0
0.0,0.0,0
0.0,0.0,0
0.0,0.0,0
0.0,0.0,0
0.0,0.0,0
0.0,0.0,0
0.0,0.0,0
0.0,0.0,0
0.0,0.0,0
0.0,0.0,0
0.0,0.0,0
0.0,0.0,0
0.0,0.0,0
0.0,0.0,0
0.0,0.0,0
0.0,0.0,0
0.0,0.0,0
0.0,0.0,0
0.0,0.0,0
0.0,0.0,0
0.0,0.0,0
0.0,0.0,0
0.0,0.0,0
0.0,0.0,0
0.0,0.0,0
0.0,0.0,0
0.0,0.0,0
0.0,0.0,0
0.0,0.0,0
0.0,0.0,0
0.0,0.0,0
0.0,0.0,0
0.0,0.0,0
0.0,0.0,0
0.0,0.0,0
0.0,0.0,0
0.0,0.0,0
0.0,0.0,0
0.0,0.0,0
0.0,0.0,0
0.0,0.0,0
0.0,0.0,0
0.0,0.0,0
0.0,0.0,0
0.0,0.0,0
0.0,0.0,0
0.0,0.0,0
0.0,0.0,0
0.0,0.0,0
0.0,0.0,0
0.0,0.0,0
0.0,0.0,0
0.0,0.0,0
0.0,0.0,0
0.0,0.0,0
0.0,0.0,0
0.0,0.0,0
0.0,0.0,0
0.0,0.0,0
0.0,0.0,0
0.0,0.0,0
0.0,0.0,0
0.0,0.0,0
0.0,0.0,0
0.0,0.0,0
0.0,0.0,0
0.0,0.0,0
0.0,0.0,0
0.0,0.0,0
0.0,0.0,0
0.0,0.0,0
0.0,0.0,0
0.0,0.0,0
0.0,0.0,0
0.0,0.0,0
0.0,0.0,0
0.0,0.0,0
0.0,0.0,0
0.0,0.0,0
0.0,0.0,0
0.0,0.0,0
0.0,0.0,0
0.0,0.0,0
0.0,0.0,0
0.0,0.0,0
0.0,0.0,0
0.0,0.0,0
0.0,0.0,0
0.0,0.0,0
0.0,0.0,0
0.0,0.0,0
0.0,0.0,0
0.0,0.0,0
0.0,0.0,0
0.0,0.0,0
0.0,0.0,0
0.0,0.0,0
0.0,0.0,0
0.0,0.0,0
0.0,0.0,0
0.0,0.0,0
0.0,0.0,0
0.0,0.0,0
0.0,0.0,0
0.0,0.0,0
0.0,0.0,0
0.0,0.0,0
0.0,0.0,0
0.0,0.0,0
0.0,0.0,0
0.0,0.0,0
0.0,0.0,0
0.0,0.0,0
0.0,0.0,0
0.0,0.0,0
0.0,0.0,0
0.0,0.0,0
0.0,0.0,0
0.0,0.0,0
0.0,0.0,0
0.0,0.0,0
0.0,0.0,0
0.0,0.0,0
0.0,0.0,0
0.0,0.0,0
0.0,0.0,0
0.0,0.0,0
0.0,0.0,0
0.0,0.0,0
0.0,0.0,0
0.0,0.0,0
0.0,0.0,0
0.0,0.0,0
0.0,0.0,0
0.0,0.0,0
0.0,0.0,0
0.0,0.0,0
0.0,0.0,0
0.0,0.0,0
0.0,0.0,0
0.0,0.0,0
0.0,0.0,0
0.0,0.0,0
0.0,0.0,0
0.0,0.0,0
0.0,0.0,0
0.0,0.0,0
0.0,0.0,0
0.0,0.0,0
0.0,0.0,0
0.0,0.0,0
0.0,0.0,0
0.0,0.0,0
0.0,0.0,0
0.0,0.0,0
0.0,0.0,0
0.0,0.0,0
0.0,0.0,0
0.0,0.0,0
0.0,0.0,0
0.0,0.0,0
0.0,0.0,0
0.0,0.0,0
0.0,0.0,0
0.0,0.0,0
0.0,0.0,0
0.0,0.0,0
0.0,0.0,0
0.0,0.0,0
0.0,0.0,0
0.0,0.0,0
0.0,0.0,0
0.0,0.0,0
0.0,0.0,0
0.0,0.0,0
0.0,0.0,0
0.0,0.0,0
0.0,0.0,0
0.0,0.0,0
0.0,0.0,0
0.0,0.0,0
0.0,0.0,0
0.0,0.0,0
0.0,0.0,0
0.0,0.0,0
0.0,0.0,0
0.0,0.0,0
0.0,0.0,0
0.0,0.0,0
0.0,0.0,0
0.0,0.0,0
0.0,0.0,0
0.0,0.0,0
0.0,0.0,0
0.0,0.0,0
0.0,0.0,0
0.0,0.0,0
0.0,0.0,0
0.0,0.0,0
0.0,0.0,0
0.0,0.0,0
0.0,0.0,0
0.0,0.0,0
0.0,0.0,0
0.0,0.0,0
0.0,0.0,0
0.0,0.0,0
0.0,0.0,0
0.0,0.0,0
0.0,0.0,0
0.0,0.0,0
0.0,0.0,0
0.0,0.0,0
0.0,0.0,0
0.0,0.0,0
0.0,0.0,0
0.0,0.0,0
0.0,0.0,0
0.0,0.0,0
0.0,0.0,0
0.0,0.0,0
0.0,0.0,0
0.0,0.0,0
0.0,0.0,0
0.0,0.0,0
0.0,0.0,0
0.0,0.0,0
0.0,0.0,0
0.0,0.0,0
0.0,0.0,0
0.0,0.0,0
0.0,0.0,0
0.0,0.0,0
0.0,0.0,0
0.0,0.0,0
0.0,0.0,0
0.0,0.0,0
0.0,0.0,0
0.0,0.0,0
0.0,0.0,0
0.0,0.0,0
0.0,0.0,0
0.0,0.0,0
0.0,0.0,0
0.0,0.0,0
0.0,0.0,0
0.0,0.0,0
0.0,0.0,0
0.0,0.0,0
0.0,0.0,0
0.0,0.0,0
0.0,0.0,0
0.0,0.0,0
0.0,0.0,0
0.0,0.0,0
0.0,0.0,0
0.0,0.0,0
0.0,0.0,0
0.0,0.0,0
0.0,0.0,0
0.0,0.0,0
0.0,0.0,0
0.0,0.0,0
0.0,0.0,0
0.0,0.0,0
0.0,0.0,0
0.0,0.0,0
0.0,0.0,0
0.0,0.0,0
0.0,0.0,0
0.0,0.0,0
0.0,0.0,0
0.0,0.0,0
0.0,0.0,0
0.0,0.0,0
0.0,0.0,0
0.0,0.0,0
0.0,0.0,0
0.0,0.0,0
0.0,0.0,0
0.0,0.0,0
0.0,0.0,0
0.0,0.0,0
0.0,0.0,0
0.0,0.0,0
0.0,0.0,0
0.0,0.0,0
0.0,0.0,0
0.0,0.0,0
0.0,0.0,0
0.0,0.0,0
0.0,0.0,0
0.0,0.0,0
0.0,0.0,0
0.0,0.0,0
0.0,0.0,0
0.0,0.0,0
0.0,0.0,0
0.0,0.0,0
0.0,0.0,0
0.0,0.0,0
0.0,0.0,0
0.0,0.0,0
0.0,0.0,0
0.0,0.0,0
0.0,0.0,0
0.0,0.0,0
0.0,0.0,0
0.0,0.0,0
0.0,0.0,0
0.0,0.0,0
0.0,0.0,0
0.0,0.0,0
0.0,0.0,0
0.0,0.0,0
0.0,0.0,0
0.0,0.0,0
0.0,0.0,0
0.0,0.0,0
0.0,0.0,0
0.0,0.0,0
0.0,0.0,0
0.0,0.0,0
0.0,0.0,0
0.0,0.0,0
0.0,0.0,0
0.0,0.0,0
0.0,0.0,0
0.0,0.0,0
0.0,0.0,0
0.0,0.0,0
0.0,0.0,0
0.0,0.0,0
0.0,0.0,0
0.0,0.0,0
0.0,0.0,0
0.0,0.0,0
0.0,0.0,0
0.0,0.0,0
0.0,0.0,0
0.0,0.0,0
0.0,0.0,0
0.0,0.0,0
0.0,0.0,0
0.0,0.0,0
0.0,0.0,0
0.0,0.0,0
0.0,0.0,0
0.0,0.0,0
0.0,0.0,0
0.0,0.0,0
0.0,0.0,0
0.0,0.0,0
0.0,0.0,0
0.0,0.0,0
0.0,0.0,0
0.0,0.0,0
0.0,0.0,0
0.0,0.0,0
0.0,0.0,0
0.0,0.0,0
0.0,0.0,0
0.0,0.0,0
0.0,0.0,0
0.0,0.0,0
0.0,0.0,0
0.0,0.0,0
0.0,0.0,0
0.0,0.0,0
0.0,0.0,0
0.0,0.0,0
0.0,0.0,0
0.0,0.0,0
0.0,0.0,0
0.0,0.0,0
0.0,0.0,0
0.0,0.0,0
0.0,0.0,0
0.0,0.0,0
0.0,0.0,0
0.0,0.0,0
0.0,0.0,0
0.0,0.0,0
0.0,0.0,0
0.0,0.0,0
0.0,0.0,0
0.0,0.0,0
0.0,0.0,0
0.0,0.0,0
0.0,0.0,0
0.0,0.0,0
0.0,0.0,0
0.0,0.0,0
0.0,0.0,0
0.0,0.0,0
0.0,0.0,0
0.0,0.0,0
0.0,0.0,0
0.0,0.0,0
0.0,0.0,0
0.0,0.0,0
0.0,0.0,0
0.0,0.0,0
0.0,0.0,0
0.0,0.0,0
0.0,0.0,0
0.0,0.0,0
0.0,0.0,0
0.0,0.0,0
0.0,0.0,0
0.0,0.0,0
0.0,0.0,0
0.0,0.0,0
0.0,0.0,0
0.0,0.0,0
0.0,0.0,0
0.0,0.0,0
0.0,0.0,0
0.0,0.0,0
0.0,0.0,0
0.0,0.0,0
0.0,0.0,0
0.0,0.0,0
0.0,0.0,0
0.0,0.0,0
0.0,0.0,0
0.0,0.0,0
0.0,0.0,0
0.0,0.0,0
0.0,0.0,0
0.0,0.0,0
0.0,0.0,0
0.0,0.0,0
0.0,0.0,0
0.0,0.0,0
0.0,0.0,0
0.0,0.0,0
0.0,0.0,0
0.0,0.0,0
0.0,0.0,0
0.0,0.0,0
0.0,0.0,0
0.0,0.0,0
0.0,0.0,0
0.0,0.0,0
0.0,0.0,0
0.0,0.0,0
0.0,0.0,0
0.0,0.0,0
0.0,0.0,0
0.0,0.0,0
0.0,0.0,0
0.0,0.0,0
0.0,0.0,0
0.0,0.0,0
0.0,0.0,0
0.0,0.0,0
0.0,0.0,0
0.0,0.0,0
0.0,0.0,0
0.0,0.0,0
0.0,0.0,0
0.0,0.0,0
0.0,0.0,0
0.0,0.0,0
0.0,0.0,0
0.0,0.0,0
0.0,0.0,0
0.0,0.0,0
0.0,0.0,0
0.0,0.0,0
0.0,0.0,0
0.0,0.0,0
0.0,0.0,0
0.0,0.0,0
0.0,0.0,0
0.0,0.0,0
0.0,0.0,0
0.0,0.0,0
0.0,0.0,0
0.0,0.0,0
0.0,0.0,0
0.0,0.0,0
0.0,0.0,0
0.0,0.0,0
0.0,0.0,0
0.0,0.0,0
0.0,0.0,0
0.0,0.0,0
0.0,0.0,0
0.0,0.0,0
0.0,0.0,0
0.0,0.0,0
0.0,0.0,0
0.0,0.0,0
0.0,0.0,0
0.0,0.0,0
0.0,0.0,0
0.0,0.0,0
0.0,0.0,0
0.0,0.0,0
0.0,0.0,0
0.0,0.0,0
0.0,0.0,0
0.0,0.0,0
0.0,0.0,0
0.0,0.0,0
0.0,0.0,0
0.0,0.0,0
0.0,0.0,0
0.0,0.0,0
0.0,0.0,0
0.0,0.0,0
0.0,0.0,0
0.0,0.0,0
0.0,0.0,0
0.0,0.0,0
0.0,0.0,0
0.0,0.0,0
0.0,0.0,0
0.0,0.0,0
0.0,0.0,0
0.0,0.0,0
0.0,0.0,0
0.0,0.0,0
0.0,0.0,0
0.0,0.0,0
0.0,0.0,0
0.0,0.0,0
0.0,0.0,0
0.0,0.0,0
0.0,0.0,0
0.0,0.0,0
0.0,0.0,0
0.0,0.0,0
0.0,0.0,0
0.0,0.0,0
0.0,0.0,0
0.0,0.0,0
0.0,0.0,0
0.0,0.0,0
0.0,0.0,0
0.0,0.0,0
0.0,0.0,0
0.0,0.0,0
0.0,0.0,0
0.0,0.0,0
0.0,0.0,0
0.0,0.0,0
0.0,0.0,0
0.0,0.0,0
0.0,0.0,0
0.0,0.0,0
0.0,0.0,0
0.0,0.0,0
0.0,0.0,0
0.0,0.0,0
0.0,0.0,0
0.0,0.0,0
0.0,0.0,0
0.0,0.0,0
0.0,0.0,0
0.0,0.0,0
0.0,0.0,0
0.0,0.0,0
0.0,0.0,0
0.0,0.0,0
0.0,0.0,0
0.0,0.0,0
0.0,0.0,0
0.0,0.0,0
0.0,0.0,0
0.0,0.0,0
0.0,0.0,0
0.0,0.0,0
0.0,0.0,0
0.0,0.0,0
0.0,0.0,0
0.0,0.0,0
0.0,0.0,0
0.0,0.0,0
0.0,0.0,0
0.0,0.0,0
0.0,0.0,0
0.0,0.0,0
0.0,0.0,0
0.0,0.0,0
0.0,0.0,0
0.0,0.0,0
0.0,0.0,0
0.0,0.0,0
0.0,0.0,0
0.0,0.0,0
0.0,0.0,0
0.0,0.0,0
0.0,0.0,0
0.0,0.0,0
0.0,0.0,0
0.0,0.0,0
0.0,0.0,0
0.0,0.0,0
0.0,0.0,0
0.0,0.0,0
0.0,0.0,0
0.0,0.0,0
0.0,0.0,0
0.0,0.0,0
0.0,0.0,0
0.0,0.0,0
0.0,0.0,0
0.0,0.0,0
0.0,0.0,0
0.0,0.0,0
0.0,0.0,0
0.0,0.0,0
0.0,0.0,0
0.0,0.0,0
0.0,0.0,0
0.0,0.0,0
0.0,0.0,0
0.0,0.0,0
0.0,0.0,0
0.0,0.0,0
0.0,0.0,0
0.0,0.0,0
0.0,0.0,0
0.0,0.0,0
0.0,0.0,0
0.0,0.0,0
0.0,0.0,0
0.0,0.0,0
0.0,0.0,0
0.0,0.0,0
0.0,0.0,0
0.0,0.0,0
0.0,0.0,0
0.0,0.0,0
0.0,0.0,0
0.0,0.0,0
0.0,0.0,0
0.0,0.0,0
0.0,0.0,0
0.0,0.0,0
0.0,0.0,0
0.0,0.0,0
0.0,0.0,0
0.0,0.0,0
0.0,0.0,0
0.0,0.0,0
0.0,0.0,0
0.0,0.0,0
0.0,0.0,0
0.0,0.0,0
0.0,0.0,0
0.0,0.0,0
0.0,0.0,0
0.0,0.0,0
0.0,0.0,0
0.0,0.0,0
0.0,0.0,0
0.0,0.0,0
0.0,0.0,0
0.0,0.0,0
0.0,0.0,0
0.0,0.0,0
0.0,0.0,0
0.0,0.0,0
0.0,0.0,0
0.0,0.0,0
0.0,0.0,0
0.0,0.0,0
0.0,0.0,0
0.0,0.0,0
0.0,0.0,0
0.0,0.0,0
0.0,0.0,0
0.0,0.0,0
0.0,0.0,0
0.0,0.0,0
0.0,0.0,0
0.0,0.0,0
0.0,0.0,0
0.0,0.0,0
0.0,0.0,0
0.0,0.0,0
0.0,0.0,0
0.0,0.0,0
0.0,0.0,0
0.0,0.0,0
0.0,0.0,0
0.0,0.0,0
0.0,0.0,0
0.0,0.0,0
0.0,0.0,0
0.0,0.0,0
0.0,0.0,0
0.0,0.0,0
0.0,0.0,0
0.0,0.0,0
0.0,0.0,0
0.0,0.0,0
0.0,0.0,0
0.0,0.0,0
0.0,0.0,0
0.0,0.0,0
0.0,0.0,0
0.0,0.0,0
0.0,0.0,0
0.0,0.0,0
0.0,0.0,0
0.0,0.0,0
0.0,0.0,0
0.0,0.0,0
0.0,0.0,0
0.0,0.0,0
0.0,0.0,0
0.0,0.0,0
0.0,0.0,0
0.0,0.0,0
0.0,0.0,0
0.0,0.0,0
0.0,0.0,0
0.0,0.0,0
0.0,0.0,0
0.0,0.0,0
0.0,0.0,0
0.0,0.0,0
0.0,0.0,0
0.0,0.0,0
0.0,0.0,0
0.0,0.0,0
0.0,0.0,0
0.0,0.0,0
0.0,0.0,0
0.0,0.0,0
0.0,0.0,0
0.0,0.0,0
0.0,0.0,0
0.0,0.0,0
0.0,0.0,0
0.0,0.0,0
0.0,0.0,0
0.0,0.0,0
0.0,0.0,0
0.0,0.0,0
0.0,0.0,0
0.0,0.0,0
0.0,0.0,0
0.0,0.0,0
0.0,0.0,0
0.0,0.0,0
0.0,0.0,0
0.0,0.0,0
0.0,0.0,0
0.0,0.0,0
0.0,0.0,0
0.0,0.0,0
0.0,0.0,0
0.0,0.0,0
0.0,0.0,0
0.0,0.0,0
0.0,0.0,0
0.0,0.0,0
0.0,0.0,0
0.0,0.0,0
0.0,0.0,0
0.0,0.0,0
0.0,0.0,0
0.0,0.0,0
0.0,0.0,0
0.0,0.0,0
0.0,0.0,0
0.0,0.0,0
0.0,0.0,0
0.0,0.0,0
0.0,0.0,0
0.0,0.0,0
0.0,0.0,0
0.0,0.0,0
0.0,0.0,0
0.0,0.0,0
0.0,0.0,0
0.0,0.0,0
0.0,0.0,0
0.0,0.0,0
0.0,0.0,0
0.0,0.0,0
0.0,0.0,0
0.0,0.0,0
0.0,0.0,0
0.0,0.0,0
0.0,0.0,0
0.0,0.0,0
0.0,0.0,0
0.0,0.0,0
0.0,0.0,0
0.0,0.0,0
0.0,0.0,0
0.0,0.0,0
0.0,0.0,0
0.0,0.0,0
0.0,0.0,0
0.0,0.0,0
0.0,0.0,0
0.0,0.0,0
0.0,0.0,0
0.0,0.0,0
0.0,0.0,0
0.0,0.0,0
0.0,0.0,0
0.0,0.0,0
0.0,0.0,0
0.0,0.0,0
0.0,0.0,0
0.0,0.0,0
0.0,0.0,0
0.0,0.0,0
0.0,0.0,0
0.0,0.0,0
0.0,0.0,0
0.0,0.0,0
0.0,0.0,0
0.0,0.0,0
0.0,0.0,0
0.0,0.0,0
0.0,0.0,0
0.0,0.0,0
0.0,0.0,0
0.0,0.0,0
0.0,0.0,0
0.0,0.0,0
0.0,0.0,0
0.0,0.0,0
0.0,0.0,0
0.0,0.0,0
0.0,0.0,0
0.0,0.0,0
0.0,0.0,0
0.0,0.0,0
0.0,0.0,0
0.0,0.0,0
0.0,0.0,0
0.0,0.0,0
0.0,0.0,0
0.0,0.0,0
0.0,0.0,0
0.0,0.0,0
0.0,0.0,0
0.0,0.0,0
0.0,0.0,0
0.0,0.0,0
0.0,0.0,0
0.0,0.0,0
0.0,0.0,0
0.0,0.0,0
0.0,0.0,0
0.0,0.0,0
0.0,0.0,0
0.0,0.0,0
0.0,0.0,0
0.0,0.0,0
0.0,0.0,0
0.0,0.0,0
0.0,0.0,0
0.0,0.0,0
0.0,0.0,0
0.0,0.0,0
0.0,0.0,0
0.0,0.0,0
0.0,0.0,0
0.0,0.0,0
0.0,0.0,0
0.0,0.0,0
0.0,0.0,0
0.0,0.0,0
0.0,0.0,0
0.0,0.0,0
0.0,0.0,0
0.0,0.0,0
0.0,0.0,0
0.0,0.0,0
0.0,0.0,0
0.0,0.0,0
0.0,0.0,0
0.0,0.0,0
0.0,0.0,0
0.0,0.0,0
0.0,0.0,0
0.0,0.0,0
0.0,0.0,0
0.0,0.0,0
0.0,0.0,0
0.0,0.0,0
0.0,0.0,0
0.0,0.0,0
0.0,0.0,0
0.0,0.0,0
0.0,0.0,0
0.0,0.0,0
0.0,0.0,0
0.0,0.0,0
0.0,0.0,0
0.0,0.0,0
0.0,0.0,0
0.0,0.0,0
0.0,0.0,0
0.0,0.0,0
0.0,0.0,0
0.0,0.0,0
0.0,0.0,0
0.0,0.0,0
0.0,0.0,0
0.0,0.0,0
0.0,0.0,0
0.0,0.0,0
0.0,0.0,0
0.0,0.0,0
0.0,0.0,0
0.0,0.0,0
0.0,0.0,0
0.0,0.0,0
0.0,0.0,0
0.0,0.0,0
0.0,0.0,0
0.0,0.0,0
0.0,0.0,0
0.0,0.0,0
0.0,0.0,0
0.0,0.0,0
0.0,0.0,0
0.0,0.0,0
0.0,0.0,0
0.0,0.0,0
0.0,0.0,0
0.0,0.0,0
0.0,0.0,0
0.0,0.0,0
0.0,0.0,0
0.0,0.0,0
0.0,0.0,0
0.0,0.0,0
0.0,0.0,0
0.0,0.0,0
0.0,0.0,0
0.0,0.0,0
0.0,0.0,0
0.0,0.0,0
0.0,0.0,0
0.0,0.0,0
0.0,0.0,0
0.0,0.0,0
0.0,0.0,0
0.0,0.0,0
0.0,0.0,0
0.0,0.0,0
0.0,0.0,0
0.0,0.0,0
0.0,0.0,0
0.0,0.0,0
0.0,0.0,0
0.0,0.0,0
0.0,0.0,0
0.0,0.0,0
0.0,0.0,0
0.0,0.0,0
0.0,0.0,0
0.0,0.0,0
0.0,0.0,0
0.0,0.0,0
0.0,0.0,0
0.0,0.0,0
0.0,0.0,0
0.0,0.0,0
0.0,0.0,0
0.0,0.0,0
0.0,0.0,0
0.0,0.0,0
0.0,0.0,0
0.0,0.0,0
0.0,0.0,0
0.0,0.0,0
0.0,0.0,0
0.0,0.0,0
0.0,0.0,0
0.0,0.0,0
0.0,0.0,0
0.0,0.0,0
0.0,0.0,0
0.0,0.0,0
0.0,0.0,0
0.0,0.0,0
0.0,0.0,0
0.0,0.0,0
0.0,0.0,0
0.0,0.0,0
0.0,0.0,0
0.0,0.0,0
0.0,0.0,0
0.0,0.0,0
0.0,0.0,0
0.0,0.0,0
0.0,0.0,0
0.0,0.0,0
0.0,0.0,0
0.0,0.0,0
0.0,0.0,0
0.0,0.0,0
0.0,0.0,0
0.0,0.0,0
0.0,0.0,0
0.0,0.0,0
0.0,0.0,0
0.0,0.0,0
0.0,0.0,0
0.0,0.0,0
0.0,0.0,0
0.0,0.0,0
0.0,0.0,0
0.0,0.0,0
0.0,0.0,0
0.0,0.0,0
0.0,0.0,0
0.0,0.0,0
0.0,0.0,0
0.0,0.0,0
0.0,0.0,0
0.0,0.0,0
0.0,0.0,0
0.0,0.0,0
0.0,0.0,0
0.0,0.0,0
0.0,0.0,0
0.0,0.0,0
0.0,0.0,0
0.0,0.0,0
0.0,0.0,0
0.0,0.0,0
0.0,0.0,0
0.0,0.0,0
0.0,0.0,0
0.0,0.0,0
0.0,0.0,0
0.0,0.0,0
0.0,0.0,0
0.0,0.0,0
0.0,0.0,0
0.0,0.0,0
0.0,0.0,0
0.0,0.0,0
0.0,0.0,0
0.0,0.0,0
0.0,0.0,0
0.0,0.0,0
0.0,0.0,0
0.0,0.0,0
0.0,0.0,0
0.0,0.0,0
0.0,0.0,0
0.0,0.0,0
0.0,0.0,0
0.0,0.0,0
0.0,0.0,0
0.0,0.0,0
0.0,0.0,0
0.0,0.0,0
0.0,0.0,0
0.0,0.0,0
0.0,0.0,0
0.0,0.0,0
0.0,0.0,0
0.0,0.0,0
0.0,0.0,0
0.0,0.0,0
0.0,0.0,0
0.0,0.0,0
0.0,0.0,0
0.0,0.0,0
145.4,66.6,0
145.6,66.3,0
145.5,66.2,0
145.6,65.9,0
145.4,66.5,0
145.6,65.8,0
145.5,66.2,0
145.5,66.2,0
145.5,66.2,0
145.5,66.2,0
145.5,66.2,0
145.5,66.2,0
145.5,66.2,0
145.5,66.2,0
145.5,66.2,0
145.5,66.2,0
145.5,66.2,0
145.5,66.2,0
145.5,66.2,0
145.5,66.2,0
145.5,66.2,0
145.5,66.2,0
145.5,66.2,0
145.5,66.2,0
145.5,66.2,0
145.5,66.2,0
145.5,66.2,0
-499.7,271.1,0
-499.7,271.1,0
-499.7,270.8,0
-498.7,270.7,0
-498.6,270.7,0
-498.8,270.7,0
-498.8,270.7,0
-498.9,270.6,0
-499.0,270.7,0
-499.0,270.7,0
-498.9,270.7,0
-498.9,270.7,0
-498.9,270.7,0
-498.9,270.7,0
-498.9,270.7,0
-498.9,270.7,0
-498.9,270.7,0
-498.9,270.7,0
-498.9,270.8,0
-498.9,270.7,0
-498.9,270.7,0
-498.9,270.7,0
714.3,213.2,0
-498.9,270.7,0
-498.9,270.7,0
-498.9,270.7,0
0.0,0.0,0
0.0,0.0,0
0.0,0.0,0
0.0,0.0,0
0.0,0.0,0
0.0,0.0,0
0.0,0.0,0
0.0,0.0,0
0.0,0.0,0
0.0,0.0,0
0.0,0.0,0
0.0,0.0,0
0.0,0.0,0
0.0,0.0,0
0.0,0.0,0
0.0,0.0,0
0.0,0.0,0
0.0,0.0,0
0.0,0.0,0
0.0,0.0,0
0.0,0.0,0
0.0,0.0,0
0.0,0.0,0
0.0,0.0,0
0.0,0.0,0
0.0,0.0,0
0.0,0.0,0
0.0,0.0,0
0.0,0.0,0
0.0,0.0,0
0.0,0.0,0
0.0,0.0,0
0.0,0.0,0
0.0,0.0,0
0.0,0.0,0
0.0,0.0,0
0.0,0.0,0
0.0,0.0,0
0.0,0.0,0
0.0,0.0,0
0.0,0.0,0
0.0,0.0,0
0.0,0.0,0
0.0,0.0,0
0.0,0.0,0
0.0,0.0,0
0.0,0.0,0
0.0,0.0,0
0.0,0.0,0
0.0,0.0,0
0.0,0.0,0
0.0,0.0,0
0.0,0.0,0
0.0,0.0,0
0.0,0.0,0
0.0,0.0,0
0.0,0.0,0
0.0,0.0,0
0.0,0.0,0
0.0,0.0,0
0.0,0.0,0
0.0,0.0,0
0.0,0.0,0
0.0,0.0,0
0.0,0.0,0
0.0,0.0,0
0.0,0.0,0
0.0,0.0,0
0.0,0.0,0
0.0,0.0,0
0.0,0.0,0
0.0,0.0,0
0.0,0.0,0
0.0,0.0,0
0.0,0.0,0
0.0,0.0,0
0.0,0.0,0
0.0,0.0,0
0.0,0.0,0
0.0,0.0,0
0.0,0.0,0
0.0,0.0,0
0.0,0.0,0
0.0,0.0,0
0.0,0.0,0
0.0,0.0,0
0.0,0.0,0
0.0,0.0,0
0.0,0.0,0
0.0,0.0,0
0.0,0.0,0
0.0,0.0,0
0.0,0.0,0
0.0,0.0,0
0.0,0.0,0
0.0,0.0,0
0.0,0.0,0
0.0,0.0,0
0.0,0.0,0
0.0,0.0,0
0.0,0.0,0
0.0,0.0,0
0.0,0.0,0
0.0,0.0,0
0.0,0.0,0
0.0,0.0,0
0.0,0.0,0
0.0,0.0,0
0.0,0.0,0
0.0,0.0,0
0.0,0.0,0
0.0,0.0,0
0.0,0.0,0
0.0,0.0,0
0.0,0.0,0
0.0,0.0,0
0.0,0.0,0
0.0,0.0,0
0.0,0.0,0
0.0,0.0,0
0.0,0.0,0
0.0,0.0,0
0.0,0.0,0
0.0,0.0,0
0.0,0.0,0
0.0,0.0,0
0.0,0.0,0
0.0,0.0,0
0.0,0.0,0
0.0,0.0,0
0.0,0.0,0
0.0,0.0,0
0.0,0.0,0
0.0,0.0,0
0.0,0.0,0
0.0,0.0,0
0.0,0.0,0
0.0,0.0,0
0.0,0.0,0
0.0,0.0,0
0.0,0.0,0
0.0,0.0,0
0.0,0.0,0
0.0,0.0,0
0.0,0.0,0
0.0,0.0,0
0.0,0.0,0
0.0,0.0,0
0.0,0.0,0
0.0,0.0,0
0.0,0.0,0
0.0,0.0,0
0.0,0.0,0
0.0,0.0,0
0.0,0.0,0
0.0,0.0,0
0.0,0.0,0
0.0,0.0,0
0.0,0.0,0
0.0,0.0,0
0.0,0.0,0
0.0,0.0,0
0.0,0.0,0
0.0,0.0,0
0.0,0.0,0
0.0,0.0,0
0.0,0.0,0
0.0,0.0,0
0.0,0.0,0
0.0,0.0,0
0.0,0.0,0
0.0,0.0,0
0.0,0.0,0
0.0,0.0,0
0.0,0.0,0
0.0,0.0,0
0.0,0.0,0
0.0,0.0,0
0.0,0.0,0
0.0,0.0,0
0.0,0.0,0
0.0,0.0,0
0.0,0.0,0
0.0,0.0,0
0.0,0.0,0
0.0,0.0,0
0.0,0.0,0
0.0,0.0,0
0.0,0.0,0
0.0,0.0,0
0.0,0.0,0
0.0,0.0,0
0.0,0.0,0
0.0,0.0,0
0.0,0.0,0
0.0,0.0,0
0.0,0.0,0
0.0,0.0,0
0.0,0.0,0
0.0,0.0,0
0.0,0.0,0
0.0,0.0,0
0.0,0.0,0
0.0,0.0,0
0.0,0.0,0
0.0,0.0,0
0.0,0.0,0
0.0,0.0,0
0.0,0.0,0
0.0,0.0,0
0.0,0.0,0
0.0,0.0,0
0.0,0.0,0
0.0,0.0,0
0.0,0.0,0
0.0,0.0,0
0.0,0.0,0
0.0,0.0,0
0.0,0.0,0
0.0,0.0,0
0.0,0.0,0
0.0,0.0,0
0.0,0.0,0
0.0,0.0,0
0.0,0.0,0
0.0,0.0,0
0.0,0.0,0
0.0,0.0,0
0.0,0.0,0
0.0,0.0,0
0.0,0.0,0
0.0,0.0,0
0.0,0.0,0
0.0,0.0,0
0.0,0.0,0
0.0,0.0,0
0.0,0.0,0
0.0,0.0,0
0.0,0.0,0
0.0,0.0,0
0.0,0.0,0
0.0,0.0,0
0.0,0.0,0
0.0,0.0,0
0.0,0.0,0
0.0,0.0,0
0.0,0.0,0
0.0,0.0,0
0.0,0.0,0
0.0,0.0,0
0.0,0.0,0
0.0,0.0,0
0.0,0.0,0
0.0,0.0,0
0.0,0.0,0
0.0,0.0,0
0.0,0.0,0
0.0,0.0,0
0.0,0.0,0
0.0,0.0,0
0.0,0.0,0
0.0,0.0,0
0.0,0.0,0
0.0,0.0,0
0.0,0.0,0
0.0,0.0,0
0.0,0.0,0
0.0,0.0,0
0.0,0.0,0
0.0,0.0,0
0.0,0.0,0
0.0,0.0,0
0.0,0.0,0
0.0,0.0,0
0.0,0.0,0
0.0,0.0,0
0.0,0.0,0
0.0,0.0,0
0.0,0.0,0
0.0,0.0,0
0.0,0.0,0
0.0,0.0,0
0.0,0.0,0
0.0,0.0,0
0.0,0.0,0
0.0,0.0,0
0.0,0.0,0
0.0,0.0,0
0.0,0.0,0
0.0,0.0,0
0.0,0.0,0
0.0,0.0,0
0.0,0.0,0
0.0,0.0,0
0.0,0.0,0
0.0,0.0,0
0.0,0.0,0
0.0,0.0,0
0.0,0.0,0
0.0,0.0,0
0.0,0.0,0
0.0,0.0,0
0.0,0.0,0
0.0,0.0,0
0.0,0.0,0
0.0,0.0,0
0.0,0.0,0
0.0,0.0,0
0.0,0.0,0
0.0,0.0,0
0.0,0.0,0
0.0,0.0,0
0.0,0.0,0
0.0,0.0,0
0.0,0.0,0
0.0,0.0,0
0.0,0.0,0
0.0,0.0,0
0.0,0.0,0
0.0,0.0,0
0.0,0.0,0
0.0,0.0,0
-715.6,273.0,0
-715.4,272.9,0
696.4,278.0,0
696.4,277.8,0
685.1,274.5,0
-697.3,281.3,0
-697.8,280.4,0
-697.5,280.5,0
-696.3,278.6,0
-694.5,278.1,0
-696.6,278.6,0
-697.3,280.3,0
687.3,275.7,0
-695.5,278.4,0
-694.7,278.3,0
-696.3,278.4,0
-694.9,277.4,0
-696.0,278.9,0
-694.5,279.0,0
-697.4,279.4,0
-694.6,278.2,0
686.0,274.4,0
687.5,275.1,0
684.8,274.9,0
-696.5,278.9,0
-694.9,278.2,0
-697.7,279.5,0
-695.7,279.4,0
-696.4,278.0,0
-695.3,278.6,0
685.7,275.0,0
-694.8,278.2,0
-695.4,279.1,0
686.8,276.4,0
-697.6,278.7,0
411.4,222.8,0
401.1,215.7,0
403.3,215.3,0
403.7,207.4,0
400.2,197.4,0
399.2,201.2,0
411.9,193.6,0
392.5,189.7,0
397.8,189.8,0
-698.6,279.5,0
-694.8,279.3,0
-693.9,278.2,0
-692.0,277.6,0
-693.0,277.5,0
683.5,275.2,0
682.2,275.5,0
683.0,274.8,0
682.7,274.2,0
682.7,275.2,0
682.9,274.8,0
-131.0,193.8,0
682.8,274.6,0
684.0,274.9,0
685.8,275.3,0
-129.8,197.8,0
-697.4,279.3,0
-694.2,278.2,0
-695.8,278.4,0
-692.0,277.2,0
-696.3,278.7,0
687.2,275.8,0
685.3,276.4,0
-696.7,278.6,0
686.3,274.6,0
-695.7,278.6,0
682.8,275.5,0
-696.0,278.9,0
684.0,273.8,0
683.6,273.7,0
684.3,275.8,0
684.9,275.3,0
685.7,274.9,0
683.1,274.5,0
685.5,274.8,0
684.8,273.9,0
684.7,275.2,0
-694.4,278.4,0
-695.7,278.9,0
-695.6,277.7,0
684.8,273.9,0
-158.4,188.0,0
686.4,274.7,0
685.0,274.4,0
-697.1,281.1,0
-698.2,281.4,0
684.5,273.9,0
683.5,273.1,0
-696.4,281.1,0
-692.7,279.1,0
-696.8,280.6,0
685.3,275.8,0
687.7,276.8,0
687.0,275.7,0
684.9,274.5,0
-694.6,280.0,0
-696.3,280.5,0
-694.1,279.5,0
685.0,274.4,0
686.3,274.5,0
-697.5,281.3,0
685.6,273.9,0
685.6,275.1,0
-698.7,280.4,0
-698.5,280.2,0
-698.3,278.7,0
-695.6,278.2,0
-697.3,279.5,0
-695.5,279.1,0
-694.0,278.4,0
-696.7,277.9,0
-696.6,278.0,0
-696.1,278.3,0
-694.6,278.4,0
684.4,276.8,0
697.1,280.8,0
697.0,280.7,0
697.3,280.8,0
696.8,280.7,0
697.2,280.8,0
698.5,280.7,0
698.3,280.8,0
698.3,280.7,0
698.2,280.8,0
698.4,280.8,0
698.2,280.9,0
697.9,280.8,0
697.9,280.7,0
697.4,280.7,0
696.8,280.6,0
696.9,280.5,0
696.8,280.4,0
696.9,280.5,0
696.7,280.7,0
696.8,280.5,0
697.1,280.4,0
697.6,280.5,0
697.4,280.7,0
696.9,280.7,0
697.2,280.7,0
697.9,280.6,0
697.2,280.6,0
696.8,280.5,0
696.5,280.4,0
696.6,280.7,0
697.4,280.6,0
697.2,280.4,0
697.8,280.5,0
697.8,280.8,0
698.1,280.8,0
698.2,280.5,0
698.2,280.7,0
698.2,280.7,0
698.3,280.8,0
698.7,280.8,0
698.3,280.7,0
698.3,280.9,0
698.3,281.1,0
698.1,280.8,0
698.3,280.8,0
698.6,280.9,0
698.5,280.8,0
698.4,281.0,0
697.8,280.2,0
695.8,277.6,0
696.4,277.6,0
696.2,277.7,0
696.2,278.0,0
695.7,277.7,0
695.9,277.6,0
680.0,275.4,0
681.3,275.5,0
681.0,275.4,0
681.1,274.2,0
-693.5,279.8,0
-696.0,280.3,0
679.2,273.6,0
-695.0,280.5,0
-696.3,280.4,0
-695.1,280.5,0
680.8,275.9,0
-694.4,279.8,0
-697.6,280.8,0
681.4,274.5,0
680.7,273.5,0
-698.1,281.4,0
-130.9,195.0,0
-694.2,281.0,0
-694.2,281.7,0
-695.8,281.5,0
-132.0,203.0,0
-119.7,184.1,0
682.1,274.9,0
-694.4,280.4,0
684.4,277.1,0
-128.6,201.4,0
-131.5,208.4,0
405.8,220.1,0
404.5,211.4,0
401.3,201.7,0
400.6,206.1,0
416.2,200.9,0
398.3,193.1,0
403.8,193.7,0
-698.7,281.5,0
-694.8,281.2,0
-694.8,280.7,0
-694.4,280.8,0
-692.9,279.0,0
681.0,275.0,0
682.4,274.1,0
-131.6,188.8,0
-693.3,278.6,0
-128.9,198.2,0
-134.3,187.1,0
682.9,274.4,0
683.0,273.4,0
681.0,272.7,0
-129.5,197.6,0
-129.4,212.2,0
-696.1,280.9,0
-692.4,279.9,0
-696.6,281.1,0
687.1,276.4,0
684.7,276.8,0
685.2,275.6,0
682.8,273.2,0
681.7,275.2,0
683.5,274.6,0
684.3,274.4,0
683.6,275.0,0
683.5,275.8,0
685.3,275.5,0
683.0,275.2,0
685.8,275.3,0
684.2,273.3,0
684.5,274.1,0
-696.9,281.8,0
-697.1,280.9,0
685.2,274.5,0
-158.3,186.5,0
686.2,274.9,0
685.1,274.6,0
684.6,274.4,0
-698.4,281.7,0
684.6,274.2,0
-695.4,281.1,0
-696.6,280.6,0
-695.0,280.5,0
685.1,275.9,0
687.4,277.0,0
686.9,275.9,0
-693.3,279.6,0
-697.2,281.5,0
-695.3,280.2,0
-696.8,281.3,0
686.4,274.8,0
-697.9,281.6,0
685.5,274.1,0
-122.5,203.8,0
-115.9,204.9,0
-117.4,197.9,0
-123.6,197.4,0
-698.5,281.8,0
-696.1,281.3,0
-696.5,280.3,0
686.2,276.7,0
-131.8,209.0,0
-695.4,280.9,0
685.7,276.5,0
686.3,276.1,0
-696.1,281.5,0
-695.9,281.5,0
-696.4,281.3,0
-693.8,281.0,0
-692.3,281.4,0
-694.8,281.6,0
-694.5,282.0,0
-693.5,281.2,0
-695.4,281.8,0
-692.2,280.0,0
-692.9,281.2,0
-693.5,281.6,0
-694.2,281.7,0
-696.6,281.5,0
-692.5,278.4,0
-692.5,278.1,0
-690.6,278.1,0
-695.1,279.1,0
-695.6,279.0,0
-696.8,279.8,0
-698.1,279.4,0
-697.4,279.1,0
-697.4,278.3,0
-695.2,279.3,0
-696.2,279.3,0
-694.4,278.5,0
-696.8,278.6,0
-697.4,279.5,0
-695.6,279.1,0
-696.0,278.9,0
-697.1,279.5,0
-698.4,278.7,0
-124.0,210.2,0
-127.0,213.7,0
-119.6,213.1,0
-118.7,215.9,0
-113.3,213.5,0
-699.6,279.0,0
-697.9,279.7,0
-699.2,279.1,0
-697.4,280.0,0
-697.3,278.5,0
-695.3,278.2,0
-696.5,280.5,0
-696.8,281.2,0
-695.7,279.7,0
-107.3,199.5,0
-695.6,281.2,0
-696.6,281.7,0
-697.1,282.9,0
-697.7,282.0,0
-696.1,281.5,0
-701.6,284.5,0
-685.3,283.0,0
-687.5,283.1,0
-686.8,282.9,0
-685.4,282.9,0
-686.4,283.0,0
-689.4,283.5,0
-689.4,283.0,0
-687.8,283.1,0
-689.1,283.3,0
-687.7,283.3,0
-688.6,283.5,0
-688.6,283.3,0
681.8,274.3,0
-686.1,282.7,0
-685.6,282.5,0
-685.5,282.7,0
-687.4,282.4,0
-688.4,282.6,0
-687.2,283.0,0
-689.2,283.3,0
-687.3,283.4,0
-688.5,283.5,0
-688.3,283.8,0
-687.8,283.2,0
-688.4,283.4,0
241.4,191.0,0
-696.3,282.7,0
331.5,176.5,0
337.4,177.8,0
-685.3,282.6,0
371.3,178.1,0
0.0,0.0,0
0.0,0.0,0
0.0,0.0,0
426.3,205.3,0
0.0,0.0,0
0.0,0.0,0
441.4,206.2,0
439.4,199.6,0
421.0,209.2,0
432.3,202.1,0
423.5,214.8,0
-684.3,282.6,0
0.0,0.0,0
0.0,0.0,0
-690.0,283.2,0
0.0,0.0,0
0.0,0.0,0
0.0,0.0,0
0.0,0.0,0
0.0,0.0,0
682.7,273.1,0
0.0,0.0,0
0.0,0.0,0
0.0,0.0,0
0.0,0.0,0
0.0,0.0,0
0.0,0.0,0
0.0,0.0,0
0.0,0.0,0
0.0,0.0,0
0.0,0.0,0
0.0,0.0,0
0.0,0.0,0
0.0,0.0,0
0.0,0.0,0
0.0,0.0,0
0.0,0.0,0
0.0,0.0,0
0.0,0.0,0
0.0,0.0,0
0.0,0.0,0
0.0,0.0,0
0.0,0.0,0
0.0,0.0,0
0.0,0.0,0
0.0,0.0,0
0.0,0.0,0
0.0,0.0,0
0.0,0.0,0
0.0,0.0,0
0.0,0.0,0
0.0,0.0,0
0.0,0.0,0
0.0,0.0,0
0.0,0.0,0
0.0,0.0,0
0.0,0.0,0
0.0,0.0,0
0.0,0.0,0
0.0,0.0,0
0.0,0.0,0
0.0,0.0,0
0.0,0.0,0
0.0,0.0,0
0.0,0.0,0
0.0,0.0,0
0.0,0.0,0
0.0,0.0,0
0.0,0.0,0
0.0,0.0,0
0.0,0.0,0
0.0,0.0,0
0.0,0.0,0
0.0,0.0,0
0.0,0.0,0
0.0,0.0,0
0.0,0.0,0
0.0,0.0,0
0.0,0.0,0
0.0,0.0,0
0.0,0.0,0
0.0,0.0,0
0.0,0.0,0
0.0,0.0,0
0.0,0.0,0
0.0,0.0,0
0.0,0.0,0
0.0,0.0,0
0.0,0.0,0
0.0,0.0,0
0.0,0.0,0
0.0,0.0,0
0.0,0.0,0
0.0,0.0,0
0.0,0.0,0
0.0,0.0,0
0.0,0.0,0
0.0,0.0,0
0.0,0.0,0
0.0,0.0,0
0.0,0.0,0
0.0,0.0,0
0.0,0.0,0
0.0,0.0,0
0.0,0.0,0
0.0,0.0,0
0.0,0.0,0
0.0,0.0,0
0.0,0.0,0
0.0,0.0,0
0.0,0.0,0
0.0,0.0,0
0.0,0.0,0
0.0,0.0,0
0.0,0.0,0
0.0,0.0,0
0.0,0.0,0
0.0,0.0,0
0.0,0.0,0
0.0,0.0,0
0.0,0.0,0
0.0,0.0,0
0.0,0.0,0
0.0,0.0,0
0.0,0.0,0
0.0,0.0,0
0.0,0.0,0
0.0,0.0,0
0.0,0.0,0
0.0,0.0,0
0.0,0.0,0
0.0,0.0,0
0.0,0.0,0
0.0,0.0,0
0.0,0.0,0
0.0,0.0,0
0.0,0.0,0
0.0,0.0,0
0.0,0.0,0
0.0,0.0,0
0.0,0.0,0
0.0,0.0,0
0.0,0.0,0
0.0,0.0,0
0.0,0.0,0
0.0,0.0,0
0.0,0.0,0
0.0,0.0,0
0.0,0.0,0
0.0,0.0,0
0.0,0.0,0
0.0,0.0,0
0.0,0.0,0
0.0,0.0,0
0.0,0.0,0
0.0,0.0,0
0.0,0.0,0
0.0,0.0,0
0.0,0.0,0
0.0,0.0,0
0.0,0.0,0
0.0,0.0,0
0.0,0.0,0
0.0,0.0,0
0.0,0.0,0
0.0,0.0,0
0.0,0.0,0
0.0,0.0,0
0.0,0.0,0
0.0,0.0,0
0.0,0.0,0
0.0,0.0,0
0.0,0.0,0
0.0,0.0,0
0.0,0.0,0
0.0,0.0,0
0.0,0.0,0
0.0,0.0,0
0.0,0.0,0
0.0,0.0,0
0.0,0.0,0
0.0,0.0,0
0.0,0.0,0
0.0,0.0,0
0.0,0.0,0
0.0,0.0,0
0.0,0.0,0
0.0,0.0,0
0.0,0.0,0
0.0,0.0,0
0.0,0.0,0
0.0,0.0,0
0.0,0.0,0
0.0,0.0,0
0.0,0.0,0
0.0,0.0,0
0.0,0.0,0
0.0,0.0,0
0.0,0.0,0
0.0,0.0,0
0.0,0.0,0
0.0,0.0,0
0.0,0.0,0
0.0,0.0,0
0.0,0.0,0
0.0,0.0,0
0.0,0.0,0
0.0,0.0,0
0.0,0.0,0
0.0,0.0,0
0.0,0.0,0
0.0,0.0,0
0.0,0.0,0
0.0,0.0,0
0.0,0.0,0
0.0,0.0,0
0.0,0.0,0
0.0,0.0,0
0.0,0.0,0
0.0,0.0,0
0.0,0.0,0
0.0,0.0,0
0.0,0.0,0
0.0,0.0,0
0.0,0.0,0
0.0,0.0,0
0.0,0.0,0
0.0,0.0,0
0.0,0.0,0
0.0,0.0,0
0.0,0.0,0
0.0,0.0,0
0.0,0.0,0
0.0,0.0,0
0.0,0.0,0
0.0,0.0,0
0.0,0.0,0
0.0,0.0,0
0.0,0.0,0
0.0,0.0,0
0.0,0.0,0
0.0,0.0,0
0.0,0.0,0
0.0,0.0,0
0.0,0.0,0
0.0,0.0,0
0.0,0.0,0
0.0,0.0,0
0.0,0.0,0
0.0,0.0,0
0.0,0.0,0
0.0,0.0,0
0.0,0.0,0
0.0,0.0,0
0.0,0.0,0
0.0,0.0,0
0.0,0.0,0
0.0,0.0,0
0.0,0.0,0
0.0,0.0,0
0.0,0.0,0
0.0,0.0,0
0.0,0.0,0
0.0,0.0,0
0.0,0.0,0
0.0,0.0,0
0.0,0.0,0
0.0,0.0,0
0.0,0.0,0
0.0,0.0,0
0.0,0.0,0
0.0,0.0,0
0.0,0.0,0
0.0,0.0,0
0.0,0.0,0
0.0,0.0,0
0.0,0.0,0
0.0,0.0,0
0.0,0.0,0
0.0,0.0,0
0.0,0.0,0
0.0,0.0,0
0.0,0.0,0
0.0,0.0,0
0.0,0.0,0
0.0,0.0,0
0.0,0.0,0
0.0,0.0,0
0.0,0.0,0
0.0,0.0,0
0.0,0.0,0
0.0,0.0,0
0.0,0.0,0
0.0,0.0,0
0.0,0.0,0
0.0,0.0,0
0.0,0.0,0
0.0,0.0,0
0.0,0.0,0
0.0,0.0,0
0.0,0.0,0
0.0,0.0,0
0.0,0.0,0
0.0,0.0,0
0.0,0.0,0
0.0,0.0,0
0.0,0.0,0
0.0,0.0,0
0.0,0.0,0
0.0,0.0,0
0.0,0.0,0
0.0,0.0,0
0.0,0.0,0
0.0,0.0,0
0.0,0.0,0
0.0,0.0,0
0.0,0.0,0
0.0,0.0,0
0.0,0.0,0
0.0,0.0,0
0.0,0.0,0
0.0,0.0,0
0.0,0.0,0
0.0,0.0,0
0.0,0.0,0
0.0,0.0,0
0.0,0.0,0
0.0,0.0,0
0.0,0.0,0
0.0,0.0,0
0.0,0.0,0
0.0,0.0,0
0.0,0.0,0
0.0,0.0,0
0.0,0.0,0
0.0,0.0,0
0.0,0.0,0
0.0,0.0,0
0.0,0.0,0
0.0,0.0,0
0.0,0.0,0
0.0,0.0,0
0.0,0.0,0
0.0,0.0,0
0.0,0.0,0
0.0,0.0,0
0.0,0.0,0
0.0,0.0,0
0.0,0.0,0
0.0,0.0,0
0.0,0.0,0
0.0,0.0,0
0.0,0.0,0
0.0,0.0,0
0.0,0.0,0
0.0,0.0,0
0.0,0.0,0
0.0,0.0,0
0.0,0.0,0
0.0,0.0,0
0.0,0.0,0
0.0,0.0,0
0.0,0.0,0
0.0,0.0,0
0.0,0.0,0
0.0,0.0,0
0.0,0.0,0
0.0,0.0,0
0.0,0.0,0
0.0,0.0,0
0.0,0.0,0
0.0,0.0,0
0.0,0.0,0
0.0,0.0,0
0.0,0.0,0
0.0,0.0,0
0.0,0.0,0
0.0,0.0,0
0.0,0.0,0
0.0,0.0,0
0.0,0.0,0
0.0,0.0,0
0.0,0.0,0
0.0,0.0,0
0.0,0.0,0
0.0,0.0,0
0.0,0.0,0
0.0,0.0,0
0.0,0.0,0
0.0,0.0,0
0.0,0.0,0
0.0,0.0,0
0.0,0.0,0
0.0,0.0,0
0.0,0.0,0
0.0,0.0,0
0.0,0.0,0
0.0,0.0,0
0.0,0.0,0
0.0,0.0,0
0.0,0.0,0
0.0,0.0,0
0.0,0.0,0
0.0,0.0,0
0.0,0.0,0
0.0,0.0,0
0.0,0.0,0
0.0,0.0,0
0.0,0.0,0
0.0,0.0,0
0.0,0.0,0
0.0,0.0,0
0.0,0.0,0
0.0,0.0,0
0.0,0.0,0
0.0,0.0,0
0.0,0.0,0
0.0,0.0,0
0.0,0.0,0
0.0,0.0,0
0.0,0.0,0
0.0,0.0,0
0.0,0.0,0
0.0,0.0,0
0.0,0.0,0
0.0,0.0,0
0.0,0.0,0
0.0,0.0,0
0.0,0.0,0
0.0,0.0,0
0.0,0.0,0
0.0,0.0,0
0.0,0.0,0
0.0,0.0,0
0.0,0.0,0
0.0,0.0,0
0.0,0.0,0
0.0,0.0,0
0.0,0.0,0
0.0,0.0,0
0.0,0.0,0
0.0,0.0,0
0.0,0.0,0
0.0,0.0,0
0.0,0.0,0
0.0,0.0,0
0.0,0.0,0
0.0,0.0,0
0.0,0.0,0
0.0,0.0,0
0.0,0.0,0
0.0,0.0,0
